violation,total_stops,citations,citation_rate,white,hispanic,black,asian/pacific islander,unknown,other,stop_white,stop_hispanic,stop_black,stop_asian/pacific islander,stop_unknwon,stop_other,year,rate_white,rate_hispanic,rate_black,rate_asian/pacific islander,discrepancy
Speeding Over Limit (#),767317,1963,0.0026,1382,388,154,24,12,3,568861,120527,66107,6573,4772,477,2006,0.0024,0.0032,0.0023,0.0037,0.0014000000000000002
Speeding-10% or More Above Posted Speed (#),457629,455316,0.9949,310761,86572,43969,8268,5264,482,312522,86815,44246,8291,5270,485,2006,0.9944,0.9972,0.9937,0.9972,0.0034999999999999476
No/Improper License Plate Lamp,74549,33,0.0004,20,8,4,0,1,0,48779,17329,7588,437,385,31,2006,0.0004,0.0005,0.0005,0.0,0.0005
"Ride, Not Secured By Safety Belt-Driver (12-1-85) (#)",64432,64251,0.9972,44391,12469,6580,391,379,41,44504,12504,6612,392,379,41,2006,0.9975,0.9972,0.9952,0.9974,0.0023000000000000798
Operate Motor Vehicle Without License Plates (Or With One Plate),60842,427,0.007,313,59,41,5,8,1,43219,11244,5308,602,436,33,2006,0.0072,0.0052,0.0077,0.0083,0.0031000000000000003
No/Non-Compliant Head Lamps (#),39408,117,0.003,70,22,17,7,1,0,26743,7287,4476,514,359,29,2006,0.0026,0.003,0.0038,0.0136,0.011
Improperly Placed Or Obstructed License Plate (#),22180,47,0.0021,30,10,6,0,1,0,11870,6952,3016,186,140,16,2006,0.0025,0.0014,0.002,0.0,0.0025
Display Expired License Plates/Registration (#),22129,6197,0.28,4659,920,519,47,46,6,15506,4238,1998,200,175,12,2006,0.3005,0.2171,0.2598,0.235,0.0834
No/Improper Mud Flap,20214,429,0.0212,249,95,76,5,4,0,11963,5256,2684,123,174,14,2006,0.0208,0.0181,0.0283,0.0407,0.0226
No/Improper Tail Lamp - not Motorcycle,19146,241,0.0126,149,73,18,0,1,0,13231,4077,1550,157,123,8,2006,0.0113,0.0179,0.0116,0.0,0.0179
Following Too Closely,17600,905,0.0514,617,180,82,14,11,1,9659,4260,3332,180,152,17,2006,0.0639,0.0423,0.0246,0.0778,0.0532
Drive On Improved Shoulder When Prohibited,15085,499,0.0331,334,93,52,9,10,1,8704,4787,1384,111,90,9,2006,0.0384,0.0194,0.0376,0.0811,0.061700000000000005
Fail To Signal Lane Change,14069,330,0.0235,233,62,24,5,6,0,8974,3305,1509,172,108,1,2006,0.026,0.0188,0.0159,0.0291,0.0132
Disregard Stop Sign (#),13707,4483,0.3271,3010,1163,234,48,26,2,9316,3456,741,104,86,4,2006,0.3231,0.3365,0.3158,0.4615,0.1457
Fail To Drive In Single Lane (#),11887,1761,0.1481,1316,217,180,20,25,3,7074,3316,1247,116,122,12,2006,0.186,0.0654,0.1443,0.1724,0.1206
"Ride, Not Secured By Safety Belt-Passenger (When Required)",11825,11809,0.9986,6669,3984,1040,51,56,9,6679,3986,1043,51,57,9,2006,0.9985,0.9995,0.9971,1.0,0.0029000000000000137
Fail to Move Over or Slow Down for Certain Vehicles,11510,1623,0.141,1146,272,160,30,13,2,7817,1955,1425,176,130,7,2006,0.1466,0.1391,0.1123,0.1705,0.058200000000000016
Inoperable/Obscured Stop Lamp(s) (#),9965,75,0.0075,51,16,5,1,2,0,6547,2066,1138,129,85,0,2006,0.0078,0.0077,0.0044,0.0078,0.0033999999999999994
Use Of Vision Reducing Matter On Windows - Glass Coating Material,9679,2041,0.2109,957,929,148,2,5,0,3526,5576,530,20,26,1,2006,0.2714,0.1666,0.2792,0.1,0.1792
Unsafe Speed (#),7463,7354,0.9854,5565,1026,624,88,48,3,5629,1056,638,89,48,3,2006,0.9886,0.9716,0.9781,0.9888,0.017199999999999993
Fail To Control Speed (#),7259,7237,0.997,5488,946,642,98,57,6,5505,951,642,98,57,6,2006,0.9969,0.9947,1.0,1.0,0.005299999999999971
Drive in Left Lane When Not Passing or Where Prohibited,5558,81,0.0146,58,12,9,1,1,0,3169,815,1478,50,42,4,2006,0.0183,0.0147,0.0061,0.02,0.0139
Speeding Over Limit (#),698811,1571,0.0022,1020,377,132,29,9,4,510857,116150,59738,6611,5061,394,2007,0.002,0.0032,0.0022,0.0044,0.0024000000000000002
Speeding-10% or More Above Posted Speed (#),400368,398784,0.996,267455,81419,36914,7380,5278,338,268655,81616,37055,7409,5294,339,2007,0.9955,0.9976,0.9962,0.9961,0.0020999999999999908
No/Improper License Plate Lamp,67553,23,0.0003,12,5,6,0,0,0,42772,16823,7006,472,446,34,2007,0.0003,0.0003,0.0009,0.0,0.0009
"Ride, Not Secured By Safety Belt-Driver (12-1-85) (#)",53660,53515,0.9973,36205,11069,5483,334,403,21,36303,11091,5504,334,407,21,2007,0.9973,0.998,0.9962,1.0,0.0038000000000000256
Operate Motor Vehicle Without License Plates (Or With One Plate),56501,534,0.0095,398,74,45,12,5,0,39611,11133,4692,631,412,22,2007,0.01,0.0066,0.0096,0.019,0.0124
No/Non-Compliant Head Lamps (#),38477,99,0.0026,63,20,14,1,1,0,25524,7526,4483,486,429,29,2007,0.0025,0.0027,0.0031,0.0021,0.001
Improperly Placed Or Obstructed License Plate (#),21130,40,0.0019,29,6,4,0,1,0,11499,6721,2574,161,163,12,2007,0.0025,0.0009,0.0016,0.0,0.0025
Display Expired License Plates/Registration (#),15038,3792,0.2522,2767,624,353,24,23,1,10029,3398,1352,129,124,6,2007,0.2759,0.1836,0.2611,0.186,0.09229999999999997
No/Improper Mud Flap,20876,470,0.0225,310,82,70,1,7,0,12246,5261,2998,127,223,21,2007,0.0253,0.0156,0.0233,0.0079,0.0174
No/Improper Tail Lamp - not Motorcycle,18253,224,0.0123,151,54,17,2,0,0,12395,4065,1494,156,135,8,2007,0.0122,0.0133,0.0114,0.0128,0.001899999999999999
Following Too Closely,16728,901,0.0539,622,149,94,21,15,0,9192,4260,2904,192,169,11,2007,0.0677,0.035,0.0324,0.1094,0.077
Drive On Improved Shoulder When Prohibited,13455,544,0.0404,371,103,58,5,7,0,7663,4386,1199,110,92,5,2007,0.0484,0.0235,0.0484,0.0455,0.0249
Fail To Signal Lane Change,13288,284,0.0214,177,72,20,11,4,0,8363,3303,1326,177,110,9,2007,0.0212,0.0218,0.0151,0.0621,0.047
Disregard Stop Sign (#),11674,3924,0.3361,2703,905,219,42,52,3,7907,2953,602,87,114,11,2007,0.3418,0.3065,0.3638,0.4828,0.1763
Fail To Drive In Single Lane (#),9808,1795,0.183,1310,261,174,35,13,2,5798,2793,990,122,96,9,2007,0.2259,0.0934,0.1758,0.2869,0.1935
"Ride, Not Secured By Safety Belt-Passenger (When Required)",10339,10326,0.9987,5545,3841,813,59,64,4,5550,3847,815,59,64,4,2007,0.9991,0.9984,0.9975,1.0,0.0024999999999999467
Fail to Move Over or Slow Down for Certain Vehicles,8999,1249,0.1388,850,248,111,28,12,0,5803,1809,1009,214,158,6,2007,0.1465,0.1371,0.11,0.1308,0.03649999999999999
Inoperable/Obscured Stop Lamp(s) (#),10571,67,0.0063,42,18,6,1,0,0,6924,2344,1068,136,95,4,2007,0.0061,0.0077,0.0056,0.0074,0.0021000000000000003
Use Of Vision Reducing Matter On Windows - Glass Coating Material,9914,2143,0.2162,985,1022,126,2,7,1,3707,5617,511,27,49,3,2007,0.2657,0.1819,0.2466,0.0741,0.1916
Unsafe Speed (#),9873,9711,0.9836,7189,1500,788,135,95,4,7260,1579,798,137,95,4,2007,0.9902,0.95,0.9875,0.9854,0.040200000000000014
Fail To Control Speed (#),7760,7741,0.9976,5791,1054,705,116,70,5,5802,1058,708,117,70,5,2007,0.9981,0.9962,0.9958,0.9915,0.006599999999999939
Drive in Left Lane When Not Passing or Where Prohibited,5471,82,0.015,63,9,7,3,0,0,3321,879,1135,81,49,6,2007,0.019,0.0102,0.0062,0.037,0.030799999999999998
Speeding Over Limit (#),790504,1889,0.0024,1314,251,127,38,158,1,581980,110359,58034,8448,30746,937,2008,0.0023,0.0023,0.0022,0.0045,0.0022999999999999995
Speeding-10% or More Above Posted Speed (#),350232,345571,0.9867,246316,44729,31479,7560,15043,444,249802,45324,31766,7616,15277,447,2008,0.986,0.9869,0.991,0.9926,0.00660000000000005
No/Improper License Plate Lamp,76876,18,0.0002,11,4,3,0,0,0,51111,15315,6835,584,2946,85,2008,0.0002,0.0003,0.0004,0.0,0.0004
"Ride, Not Secured By Safety Belt-Driver (12-1-85) (#)",46943,46788,0.9967,34452,5856,4862,291,1275,52,34555,5884,4884,293,1275,52,2008,0.997,0.9952,0.9955,0.9932,0.0038000000000000256
Operate Motor Vehicle Without License Plates (Or With One Plate),70622,660,0.0093,513,67,51,22,7,0,52850,10085,5215,902,1516,54,2008,0.0097,0.0066,0.0098,0.0244,0.017800000000000003
No/Non-Compliant Head Lamps (#),40488,74,0.0018,52,15,5,1,1,0,27758,5985,4478,641,1583,43,2008,0.0019,0.0025,0.0011,0.0016,0.0014
Improperly Placed Or Obstructed License Plate (#),24134,46,0.0019,36,7,3,0,0,0,14859,5588,2437,187,1025,38,2008,0.0024,0.0013,0.0012,0.0,0.0024
Display Expired License Plates/Registration (#),16462,4090,0.2485,3186,461,331,30,80,2,11954,2646,1293,152,408,9,2008,0.2665,0.1742,0.256,0.1974,0.09230000000000002
No/Improper Mud Flap,21367,413,0.0193,292,50,59,3,9,0,13258,4070,2618,180,1227,14,2008,0.022,0.0123,0.0225,0.0167,0.010199999999999999
No/Improper Tail Lamp - not Motorcycle,17125,160,0.0093,109,31,14,1,4,1,12174,3005,1335,140,456,15,2008,0.009,0.0103,0.0105,0.0071,0.0034000000000000002
Following Too Closely,18180,722,0.0397,537,71,71,20,22,1,10931,3418,2697,185,924,25,2008,0.0491,0.0208,0.0263,0.1081,0.0873
Drive On Improved Shoulder When Prohibited,15467,430,0.0278,313,57,47,3,9,1,9821,3766,1190,138,543,9,2008,0.0319,0.0151,0.0395,0.0217,0.024399999999999998
Fail To Signal Lane Change,14851,247,0.0166,187,29,21,9,1,0,10284,2402,1333,221,594,17,2008,0.0182,0.0121,0.0158,0.0407,0.0286
Disregard Stop Sign (#),11950,3770,0.3155,2853,575,208,42,90,2,8984,1919,646,102,285,14,2008,0.3176,0.2996,0.322,0.4118,0.11220000000000002
Fail To Drive In Single Lane (#),9183,1820,0.1982,1394,172,188,30,32,4,5889,1924,914,121,325,10,2008,0.2367,0.0894,0.2057,0.2479,0.15850000000000003
"Ride, Not Secured By Safety Belt-Passenger (When Required)",10016,9988,0.9972,6567,2146,846,49,370,10,6585,2151,850,49,371,10,2008,0.9973,0.9977,0.9953,1.0,0.0047000000000000375
Fail to Move Over or Slow Down for Certain Vehicles,9158,1144,0.1249,806,141,93,43,58,3,6061,1454,902,230,502,9,2008,0.133,0.097,0.1031,0.187,0.09
Inoperable/Obscured Stop Lamp(s) (#),12239,71,0.0058,40,16,10,1,4,0,8703,1901,1116,140,371,8,2008,0.0046,0.0084,0.009,0.0071,0.004399999999999999
Use Of Vision Reducing Matter On Windows - Glass Coating Material,10646,1771,0.1664,1072,539,81,2,75,2,5796,4011,425,25,379,10,2008,0.185,0.1344,0.1906,0.08,0.11059999999999999
Unsafe Speed (#),8187,8005,0.9778,6213,830,709,108,142,3,6328,882,718,108,147,4,2008,0.9818,0.941,0.9875,1.0,0.05900000000000005
Fail To Control Speed (#),6976,6911,0.9907,5423,655,591,113,124,5,5468,663,601,113,126,5,2008,0.9918,0.9879,0.9834,1.0,0.016599999999999948
Drive in Left Lane When Not Passing or Where Prohibited,10194,78,0.0077,60,7,8,2,1,0,6390,1527,1386,139,731,21,2008,0.0094,0.0046,0.0058,0.0144,0.0098
Speeding Over Limit (#),782255,1248,0.0016,559,496,83,21,89,0,493720,186649,64600,10637,25735,914,2009,0.0011,0.0027,0.0013,0.002,0.0016
Speeding-10% or More Above Posted Speed (#),333230,325792,0.9777,180346,94724,30247,8862,11193,420,184294,97334,30803,8963,11408,428,2009,0.9786,0.9732,0.9819,0.9887,0.01550000000000007
No/Improper License Plate Lamp,74223,25,0.0003,13,8,4,0,0,0,38405,24894,7891,734,2208,91,2009,0.0003,0.0003,0.0005,0.0,0.0005
"Ride, Not Secured By Safety Belt-Driver (12-1-85) (#)",43506,41197,0.9469,24180,10987,4357,363,1273,37,25673,11472,4622,378,1324,37,2009,0.9418,0.9577,0.9427,0.9603,0.018500000000000072
Operate Motor Vehicle Without License Plates (Or With One Plate),68276,873,0.0128,580,186,64,24,17,2,43147,16670,6050,1366,971,72,2009,0.0134,0.0112,0.0106,0.0176,0.007000000000000001
No/Non-Compliant Head Lamps (#),43113,61,0.0014,25,21,8,1,6,0,24660,11130,4758,890,1622,53,2009,0.001,0.0019,0.0017,0.0011,0.0009
Improperly Placed Or Obstructed License Plate (#),22686,88,0.0039,59,22,5,0,2,0,9362,9692,2618,266,726,22,2009,0.0063,0.0023,0.0019,0.0,0.0063
Display Expired License Plates/Registration (#),16125,4784,0.2967,2930,1380,354,45,68,7,9132,5208,1336,177,258,14,2009,0.3208,0.265,0.265,0.2542,0.06659999999999999
No/Improper Mud Flap,17760,247,0.0139,111,84,32,1,19,0,8539,5888,2252,99,960,22,2009,0.013,0.0143,0.0142,0.0101,0.004200000000000001
No/Improper Tail Lamp - not Motorcycle,16855,136,0.0081,67,54,9,0,5,1,10173,4670,1343,206,450,13,2009,0.0066,0.0116,0.0067,0.0,0.0116
Following Too Closely,20928,693,0.0331,410,184,67,17,15,0,8748,7370,3606,259,909,36,2009,0.0469,0.025,0.0186,0.0656,0.04700000000000001
Drive On Improved Shoulder When Prohibited,17906,326,0.0182,188,77,43,5,12,1,7510,7949,1713,179,530,25,2009,0.025,0.0097,0.0251,0.0279,0.0182
Fail To Signal Lane Change,16493,194,0.0118,99,58,25,9,3,0,8768,4887,1897,289,637,15,2009,0.0113,0.0119,0.0132,0.0311,0.019799999999999998
Disregard Stop Sign (#),12150,3250,0.2675,1783,1153,194,69,48,3,6796,4296,708,164,175,11,2009,0.2624,0.2684,0.274,0.4207,0.1583
Fail To Drive In Single Lane (#),7607,1149,0.151,742,214,123,36,32,2,3655,2731,871,145,198,7,2009,0.203,0.0784,0.1412,0.2483,0.1699
"Ride, Not Secured By Safety Belt-Passenger (When Required)",13321,11167,0.8383,4972,4804,1008,69,304,10,5809,5780,1240,110,371,11,2009,0.8559,0.8311,0.8129,0.6273,0.22860000000000003
Fail to Move Over or Slow Down for Certain Vehicles,11385,1680,0.1476,923,466,153,81,55,2,6064,3191,1242,434,449,5,2009,0.1522,0.146,0.1232,0.1866,0.06339999999999998
Inoperable/Obscured Stop Lamp(s) (#),13167,34,0.0026,11,19,4,0,0,0,7478,3864,1323,236,253,13,2009,0.0015,0.0049,0.003,0.0,0.0049
Use Of Vision Reducing Matter On Windows - Glass Coating Material,12063,2324,0.1927,730,1442,123,13,15,1,2803,8529,595,41,89,6,2009,0.2604,0.1691,0.2067,0.3171,0.148
Unsafe Speed (#),6684,6552,0.9803,4400,1374,531,127,113,7,4480,1405,548,128,115,8,2009,0.9821,0.9779,0.969,0.9922,0.0232
Fail To Control Speed (#),6212,6197,0.9976,4254,1135,546,126,117,19,4262,1140,547,127,117,19,2009,0.9981,0.9956,0.9982,0.9921,0.006099999999999994
Drive in Left Lane When Not Passing or Where Prohibited,12479,88,0.0071,50,22,11,2,3,0,5592,3736,2274,212,650,15,2009,0.0089,0.0059,0.0048,0.0094,0.004600000000000001
Speeding Over Limit (#),806271,896,0.0011,440,327,67,17,44,1,511234,186287,68873,12047,26816,1014,2010,0.0009,0.0018,0.001,0.0014,0.0009
Speeding-10% or More Above Posted Speed (#),300792,292806,0.9735,161804,84323,27836,8367,10049,427,166530,86622,28419,8485,10297,439,2010,0.9716,0.9735,0.9795,0.9861,0.014499999999999957
No/Improper License Plate Lamp,77504,38,0.0005,19,11,6,2,0,0,39165,26691,8387,844,2310,107,2010,0.0005,0.0004,0.0007,0.0024,0.0019999999999999996
"Ride, Not Secured By Safety Belt-Driver (12-1-85) (#)",33105,24095,0.7278,12977,7973,2165,227,726,27,18736,9892,3201,277,965,34,2010,0.6926,0.806,0.6764,0.8195,0.1431
Operate Motor Vehicle Without License Plates (Or With One Plate),72817,891,0.0122,624,167,65,23,11,1,45316,17806,6868,1612,1127,88,2010,0.0138,0.0094,0.0095,0.0143,0.0049
No/Non-Compliant Head Lamps (#),47815,42,0.0009,23,13,4,1,0,1,27152,12665,5248,1011,1675,64,2010,0.0008,0.001,0.0008,0.001,0.00019999999999999998
Improperly Placed Or Obstructed License Plate (#),29410,100,0.0034,48,34,14,1,2,1,11195,13286,3566,382,952,29,2010,0.0043,0.0026,0.0039,0.0026,0.0017000000000000001
Display Expired License Plates/Registration (#),22172,5773,0.2604,3606,1591,441,64,66,5,12567,7299,1709,254,329,14,2010,0.2869,0.218,0.258,0.252,0.06889999999999999
No/Improper Mud Flap,15722,161,0.0102,78,64,15,0,4,0,7386,5572,1827,102,826,9,2010,0.0106,0.0115,0.0082,0.0,0.0115
No/Improper Tail Lamp - not Motorcycle,19909,131,0.0066,60,55,11,0,5,0,11639,5804,1695,204,549,18,2010,0.0052,0.0095,0.0065,0.0,0.0095
Following Too Closely,28469,763,0.0268,451,217,55,27,11,2,10985,11027,4861,372,1176,48,2010,0.0411,0.0197,0.0113,0.0726,0.0613
Drive On Improved Shoulder When Prohibited,21848,293,0.0134,175,81,24,7,6,0,8520,10739,1753,242,569,25,2010,0.0205,0.0075,0.0137,0.0289,0.0214
Fail To Signal Lane Change,19692,218,0.0111,121,59,26,7,4,1,10043,6304,2167,369,783,26,2010,0.012,0.0094,0.012,0.019,0.0096
Disregard Stop Sign (#),12527,3135,0.2503,1685,1130,188,70,58,4,6924,4470,743,202,178,10,2010,0.2434,0.2528,0.253,0.3465,0.10309999999999997
Fail To Drive In Single Lane (#),8624,1053,0.1221,682,224,95,23,29,0,4103,3114,955,164,282,6,2010,0.1662,0.0719,0.0995,0.1402,0.09429999999999998
"Ride, Not Secured By Safety Belt-Passenger (When Required)",16019,9668,0.6035,3644,4775,872,99,272,6,6158,7492,1659,216,484,10,2010,0.5918,0.6373,0.5256,0.4583,0.179
Fail to Move Over or Slow Down for Certain Vehicles,12466,1539,0.1235,848,412,146,68,62,3,6479,3579,1387,421,586,14,2010,0.1309,0.1151,0.1053,0.1615,0.0562
Inoperable/Obscured Stop Lamp(s) (#),14268,48,0.0034,19,25,2,1,1,0,7773,4428,1558,247,250,12,2010,0.0024,0.0056,0.0013,0.004,0.0043
Use Of Vision Reducing Matter On Windows - Glass Coating Material,11089,1786,0.1611,555,1102,99,9,18,3,2570,7779,595,36,101,8,2010,0.216,0.1417,0.1664,0.25,0.10830000000000001
Unsafe Speed (#),6252,6081,0.9726,4013,1317,519,111,111,10,4107,1378,528,114,115,10,2010,0.9771,0.9557,0.983,0.9737,0.02729999999999999
Fail To Control Speed (#),6727,6671,0.9917,4548,1299,560,140,120,4,4589,1308,565,141,120,4,2010,0.9911,0.9931,0.9912,0.9929,0.0020000000000000018
Drive in Left Lane When Not Passing or Where Prohibited,18354,61,0.0033,36,13,9,3,0,0,7673,5539,3664,320,1135,23,2010,0.0047,0.0023,0.0025,0.0094,0.0071
Speeding Over Limit (#),815329,1076,0.0013,542,390,64,22,56,2,519684,184935,68846,13300,27423,1141,2011,0.001,0.0021,0.0009,0.0017,0.0012
Speeding-10% or More Above Posted Speed (#),292326,284656,0.9738,155700,82073,27478,8895,10072,438,160306,84228,28054,9009,10287,442,2011,0.9713,0.9744,0.9795,0.9873,0.015999999999999903
No/Improper License Plate Lamp,80053,36,0.0004,18,11,5,0,1,1,40687,27235,8528,959,2529,115,2011,0.0004,0.0004,0.0006,0.0,0.0006
"Ride, Not Secured By Safety Belt-Driver (12-1-85) (#)",31450,21199,0.6741,11489,6734,2118,187,651,20,18001,8874,3335,265,947,28,2011,0.6382,0.7588,0.6351,0.7057,0.12370000000000003
Operate Motor Vehicle Without License Plates (Or With One Plate),77606,1262,0.0163,823,245,133,50,10,1,48641,18137,7576,1908,1241,103,2011,0.0169,0.0135,0.0176,0.0262,0.012700000000000001
No/Non-Compliant Head Lamps (#),50948,65,0.0013,33,22,7,1,2,0,28964,13254,5573,1163,1914,80,2011,0.0011,0.0017,0.0013,0.0009,0.0007999999999999999
Improperly Placed Or Obstructed License Plate (#),34125,163,0.0048,76,65,15,5,2,0,13314,14816,4397,462,1096,40,2011,0.0057,0.0044,0.0034,0.0108,0.0074
Display Expired License Plates/Registration (#),26057,6392,0.2453,3903,1778,542,74,86,9,14875,8288,2155,336,376,27,2011,0.2624,0.2145,0.2515,0.2202,0.047900000000000026
No/Improper Mud Flap,13776,170,0.0123,80,54,31,1,4,0,6491,4877,1497,94,798,19,2011,0.0123,0.0111,0.0207,0.0106,0.0101
No/Improper Tail Lamp - not Motorcycle,21300,124,0.0058,57,47,13,3,4,0,12346,6099,1909,238,682,26,2011,0.0046,0.0077,0.0068,0.0126,0.008
Following Too Closely,30326,781,0.0258,445,198,84,27,24,3,11451,12105,4974,457,1286,53,2011,0.0389,0.0164,0.0169,0.0591,0.0427
Drive On Improved Shoulder When Prohibited,22079,262,0.0119,151,72,27,8,4,0,9085,9810,2174,300,687,23,2011,0.0166,0.0073,0.0124,0.0267,0.0194
Fail To Signal Lane Change,20057,196,0.0098,107,55,17,14,3,0,10496,6128,2193,444,765,31,2011,0.0102,0.009,0.0078,0.0315,0.0237
Disregard Stop Sign (#),13714,3197,0.2331,1666,1176,194,76,80,5,7752,4593,836,266,255,12,2011,0.2149,0.256,0.2321,0.2857,0.0708
Fail To Drive In Single Lane (#),9453,989,0.1046,611,210,107,30,31,0,4367,3490,1088,191,309,8,2011,0.1399,0.0602,0.0983,0.1571,0.09689999999999999
"Ride, Not Secured By Safety Belt-Passenger (When Required)",15978,10049,0.6289,3454,5110,978,170,322,15,5788,7567,1737,302,560,24,2011,0.5968,0.6753,0.563,0.5629,0.11240000000000006
Fail to Move Over or Slow Down for Certain Vehicles,12254,1452,0.1185,782,390,147,72,58,3,6248,3694,1350,395,551,16,2011,0.1252,0.1056,0.1089,0.1823,0.07669999999999999
Inoperable/Obscured Stop Lamp(s) (#),16825,40,0.0024,15,20,4,0,1,0,8689,5583,1814,393,333,13,2011,0.0017,0.0036,0.0022,0.0,0.0036
Use Of Vision Reducing Matter On Windows - Glass Coating Material,9975,1898,0.1903,718,1010,145,10,15,0,2767,6488,571,37,111,1,2011,0.2595,0.1557,0.2539,0.2703,0.11459999999999998
Unsafe Speed (#),5505,5332,0.9686,3392,1238,456,126,113,7,3467,1307,472,133,119,7,2011,0.9784,0.9472,0.9661,0.9474,0.031200000000000006
Fail To Control Speed (#),6803,6603,0.9706,4436,1359,511,161,127,9,4545,1409,540,165,135,9,2011,0.976,0.9645,0.9463,0.9758,0.02969999999999995
Drive in Left Lane When Not Passing or Where Prohibited,17427,88,0.005,46,23,15,3,1,0,7613,4499,3854,405,1036,20,2011,0.006,0.0051,0.0039,0.0074,0.0035000000000000005
Speeding Over Limit (#),752908,4217,0.0056,2262,1318,289,105,237,6,492370,160410,64108,12220,22371,1409,2012,0.0046,0.0082,0.0045,0.0086,0.0041
Speeding-10% or More Above Posted Speed (#),288015,278169,0.9658,153515,80157,25819,8830,9273,572,159383,82956,26550,9014,9518,591,2012,0.9632,0.9663,0.9725,0.9796,0.01640000000000008
No/Improper License Plate Lamp,61001,29,0.0005,18,9,1,1,0,0,31748,19385,7063,848,1857,100,2012,0.0006,0.0005,0.0001,0.0012,0.0010999999999999998
"Ride, Not Secured By Safety Belt-Driver (12-1-85) (#)",30087,19976,0.6639,10610,6537,2028,217,559,25,17036,8682,3179,330,818,42,2012,0.6228,0.7529,0.6379,0.6576,0.1301
Operate Motor Vehicle Without License Plates (Or With One Plate),69238,1179,0.017,815,210,90,51,11,2,43840,15830,6538,1817,1102,111,2012,0.0186,0.0133,0.0138,0.0281,0.0148
No/Non-Compliant Head Lamps (#),46970,46,0.001,17,17,6,2,4,0,26512,12442,5250,1031,1652,81,2012,0.0006,0.0014,0.0011,0.0019,0.0013
Improperly Placed Or Obstructed License Plate (#),30191,260,0.0086,125,85,39,8,3,0,12255,12211,4290,427,959,49,2012,0.0102,0.007,0.0091,0.0187,0.011700000000000002
Display Expired License Plates/Registration (#),21968,5487,0.2498,3357,1535,432,93,65,5,12654,6768,1872,333,314,26,2012,0.2653,0.2268,0.2308,0.2793,0.05249999999999999
No/Improper Mud Flap,12203,186,0.0152,82,77,25,1,1,0,5904,4167,1409,62,634,26,2012,0.0139,0.0185,0.0177,0.0161,0.0046
No/Improper Tail Lamp - not Motorcycle,19538,150,0.0077,72,56,14,2,6,0,11405,5366,1857,277,604,29,2012,0.0063,0.0104,0.0075,0.0072,0.0040999999999999995
Following Too Closely,26624,785,0.0295,457,221,66,22,18,1,10489,9695,4879,401,1105,55,2012,0.0436,0.0228,0.0135,0.0549,0.0414
Drive On Improved Shoulder When Prohibited,19255,388,0.0202,207,102,56,16,6,1,8216,7922,2113,317,647,40,2012,0.0252,0.0129,0.0265,0.0505,0.0376
Fail To Signal Lane Change,17731,261,0.0147,143,73,25,13,7,0,9339,5091,2131,461,673,36,2012,0.0153,0.0143,0.0117,0.0282,0.0165
Disregard Stop Sign (#),13914,3542,0.2546,1839,1280,241,105,68,9,7676,4841,862,279,233,23,2012,0.2396,0.2644,0.2796,0.3763,0.13670000000000002
Fail To Drive In Single Lane (#),8935,1246,0.1395,773,249,154,26,39,5,4363,2893,1189,195,269,26,2012,0.1772,0.0861,0.1295,0.1333,0.0911
"Ride, Not Secured By Safety Belt-Passenger (When Required)",15248,9729,0.6381,3328,4983,940,159,300,18,5542,7153,1733,285,498,36,2012,0.6005,0.6966,0.5424,0.5579,0.1542
Fail to Move Over or Slow Down for Certain Vehicles,10917,1628,0.1491,892,445,143,72,72,4,5761,3046,1227,396,473,14,2012,0.1548,0.1461,0.1165,0.1818,0.06529999999999998
Inoperable/Obscured Stop Lamp(s) (#),18149,64,0.0035,27,29,5,0,3,0,9542,5869,1958,418,339,23,2012,0.0028,0.0049,0.0026,0.0,0.0049
Use Of Vision Reducing Matter On Windows - Glass Coating Material,8065,1776,0.2202,704,919,115,14,20,3,2555,4912,464,36,85,11,2012,0.2755,0.1871,0.2478,0.3889,0.20180000000000003
Unsafe Speed (#),5604,5465,0.9752,3410,1326,480,119,119,11,3473,1385,489,122,124,11,2012,0.9819,0.9574,0.9816,0.9754,0.024499999999999966
Fail To Control Speed (#),7511,7231,0.9627,4742,1555,595,165,161,12,4905,1614,640,174,164,13,2012,0.9668,0.9634,0.9297,0.9483,0.03710000000000002
Drive in Left Lane When Not Passing or Where Prohibited,19150,105,0.0055,59,32,11,1,2,0,8313,5005,4317,452,1009,54,2012,0.0071,0.0064,0.0025,0.0022,0.0049
Speeding Over Limit (#),657553,4110,0.0063,2520,1031,245,111,189,14,425190,146349,54162,10615,19648,1573,2013,0.0059,0.007,0.0045,0.0105,0.006000000000000001
Speeding-10% or More Above Posted Speed (#),259418,249939,0.9635,135431,74224,23460,8211,7895,702,141164,76919,24133,8358,8090,727,2013,0.9594,0.965,0.9721,0.9824,0.02300000000000002
No/Improper License Plate Lamp,45937,17,0.0004,4,6,6,0,1,0,23296,15511,4911,673,1447,89,2013,0.0002,0.0004,0.0012,0.0,0.0012
"Ride, Not Secured By Safety Belt-Driver (12-1-85) (#)",24282,15963,0.6574,8472,5323,1585,147,402,33,13747,7145,2517,229,596,47,2013,0.6163,0.745,0.6297,0.6419,0.12870000000000004
Operate Motor Vehicle Without License Plates (Or With One Plate),58460,870,0.0149,622,157,63,21,4,3,36362,13901,5651,1416,995,129,2013,0.0171,0.0113,0.0111,0.0148,0.006
No/Non-Compliant Head Lamps (#),34616,41,0.0012,16,13,9,1,2,0,18455,10314,3630,771,1353,91,2013,0.0009,0.0013,0.0025,0.0013,0.0016
Improperly Placed Or Obstructed License Plate (#),24302,176,0.0072,81,56,23,14,2,0,9858,10271,2906,347,866,54,2013,0.0082,0.0055,0.0079,0.0403,0.034800000000000005
Display Expired License Plates/Registration (#),17395,4206,0.2418,2518,1187,391,59,47,4,9499,5869,1511,215,269,32,2013,0.2651,0.2022,0.2588,0.2744,0.07219999999999999
No/Improper Mud Flap,9025,116,0.0129,60,43,10,1,2,0,4548,3031,946,37,440,22,2013,0.0132,0.0142,0.0106,0.027,0.016399999999999998
No/Improper Tail Lamp - not Motorcycle,16101,96,0.006,42,35,10,3,5,1,9246,4550,1544,192,532,37,2013,0.0045,0.0077,0.0065,0.0156,0.011099999999999999
Following Too Closely,17803,720,0.0404,419,185,61,40,13,2,7187,7087,2394,316,774,45,2013,0.0583,0.0261,0.0255,0.1266,0.1011
Drive On Improved Shoulder When Prohibited,15039,298,0.0198,155,95,31,15,2,0,6760,6076,1400,259,497,44,2013,0.0229,0.0156,0.0221,0.0579,0.042300000000000004
Fail To Signal Lane Change,14569,170,0.0117,85,56,21,2,4,2,7408,4630,1571,383,549,25,2013,0.0115,0.0121,0.0134,0.0052,0.0082
Disregard Stop Sign (#),12079,3153,0.261,1590,1210,173,97,77,6,6467,4402,675,269,242,23,2013,0.2459,0.2749,0.2563,0.3606,0.11469999999999997
Fail To Drive In Single Lane (#),7774,1283,0.165,786,294,131,35,31,6,3752,2713,869,174,244,22,2013,0.2095,0.1084,0.1507,0.2011,0.1011
"Ride, Not Secured By Safety Belt-Passenger (When Required)",13059,8198,0.6278,2686,4219,849,156,267,21,4624,6125,1527,272,460,51,2013,0.5809,0.6888,0.556,0.5735,0.13279999999999992
Fail to Move Over or Slow Down for Certain Vehicles,9137,1508,0.165,811,431,144,66,51,5,4871,2591,959,322,366,27,2013,0.1665,0.1663,0.1502,0.205,0.05479999999999999
Inoperable/Obscured Stop Lamp(s) (#),15679,43,0.0027,19,15,5,0,4,0,8187,5049,1737,372,307,25,2013,0.0023,0.003,0.0029,0.0,0.003
Use Of Vision Reducing Matter On Windows - Glass Coating Material,7346,1559,0.2122,570,876,91,4,16,2,2001,4872,358,37,69,8,2013,0.2849,0.1798,0.2542,0.1081,0.17679999999999998
Unsafe Speed (#),6095,5984,0.9818,3569,1562,561,122,151,19,3627,1602,570,124,153,19,2013,0.984,0.975,0.9842,0.9839,0.009199999999999986
Fail To Control Speed (#),7677,7424,0.967,4790,1739,571,150,157,16,4929,1810,598,160,163,16,2013,0.9718,0.9608,0.9548,0.9375,0.0343
Drive in Left Lane When Not Passing or Where Prohibited,25635,177,0.0069,79,55,24,10,8,1,11965,7527,4198,628,1225,90,2013,0.0066,0.0073,0.0057,0.0159,0.0102
Speeding Over Limit (#),558597,2396,0.0043,1390,690,167,50,97,2,337001,147084,45062,8905,19253,1292,2014,0.0041,0.0047,0.0037,0.0056,0.0018999999999999998
Speeding-10% or More Above Posted Speed (#),233453,224078,0.9598,116055,69856,21858,7195,8459,655,121310,72904,22527,7357,8683,672,2014,0.9567,0.9582,0.9703,0.978,0.021299999999999986
No/Improper License Plate Lamp,39008,11,0.0003,1,9,1,0,0,0,16944,16771,3543,409,1259,82,2014,0.0001,0.0005,0.0003,0.0,0.0005
"Ride, Not Secured By Safety Belt-Driver (12-1-85) (#)",21536,14520,0.6742,7133,4896,1715,215,526,35,11166,6804,2479,300,738,49,2014,0.6388,0.7196,0.6918,0.7167,0.08079999999999998
Operate Motor Vehicle Without License Plates (Or With One Plate),55183,890,0.0161,570,183,80,42,13,2,32261,15227,5061,1358,1136,140,2014,0.0177,0.012,0.0158,0.0309,0.0189
No/Non-Compliant Head Lamps (#),40831,35,0.0009,14,18,1,1,1,0,20284,13704,4238,728,1761,116,2014,0.0007,0.0013,0.0002,0.0014,0.0012
Improperly Placed Or Obstructed License Plate (#),24858,202,0.0081,91,88,15,5,1,2,9114,11772,2678,385,857,52,2014,0.01,0.0075,0.0056,0.013,0.0073999999999999995
Display Expired License Plates/Registration (#),14555,3271,0.2247,1941,922,306,45,47,10,7456,5419,1212,192,242,34,2014,0.2603,0.1701,0.2525,0.2344,0.09019999999999997
No/Improper Mud Flap,8661,171,0.0197,90,59,14,1,7,0,4063,3340,795,35,399,29,2014,0.0222,0.0177,0.0176,0.0286,0.011
No/Improper Tail Lamp - not Motorcycle,14887,75,0.005,26,36,8,1,4,0,7501,5305,1322,171,558,30,2014,0.0035,0.0068,0.0061,0.0058,0.0032999999999999995
Following Too Closely,15142,599,0.0396,320,180,56,24,17,2,5286,7122,1791,231,661,51,2014,0.0605,0.0253,0.0313,0.1039,0.0786
Drive On Improved Shoulder When Prohibited,12390,349,0.0282,192,84,47,16,8,2,5163,5636,967,197,393,34,2014,0.0372,0.0149,0.0486,0.0812,0.0663
Fail To Signal Lane Change,11940,179,0.015,101,52,13,8,5,0,5680,4238,1226,280,483,33,2014,0.0178,0.0123,0.0106,0.0286,0.018000000000000002
Disregard Stop Sign (#),10216,2734,0.2676,1386,1050,166,73,55,4,4825,4303,598,253,219,18,2014,0.2873,0.244,0.2776,0.2885,0.044499999999999984
Fail To Drive In Single Lane (#),6468,1389,0.2147,818,325,144,34,61,7,2986,2466,648,134,208,26,2014,0.2739,0.1318,0.2222,0.2537,0.14209999999999998
"Ride, Not Secured By Safety Belt-Passenger (When Required)",12651,8233,0.6508,2423,4449,897,146,286,32,3914,6500,1470,231,466,70,2014,0.6191,0.6845,0.6102,0.632,0.07430000000000003
Fail to Move Over or Slow Down for Certain Vehicles,7641,1508,0.1974,823,382,144,66,89,4,3955,2358,683,243,375,27,2014,0.2081,0.162,0.2108,0.2716,0.1096
Inoperable/Obscured Stop Lamp(s) (#),18481,46,0.0025,19,19,8,0,0,0,7061,9174,1631,292,299,24,2014,0.0027,0.0021,0.0049,0.0,0.0049
Use Of Vision Reducing Matter On Windows - Glass Coating Material,8537,1727,0.2023,491,1110,94,8,21,3,1739,6305,378,27,75,13,2014,0.2823,0.1761,0.2487,0.2963,0.1202
Unsafe Speed (#),6009,5901,0.982,3453,1607,537,119,164,21,3504,1649,544,121,170,21,2014,0.9854,0.9745,0.9871,0.9835,0.012599999999999945
Fail To Control Speed (#),7716,7534,0.9764,4830,1725,603,165,195,16,4935,1786,612,167,200,16,2014,0.9787,0.9658,0.9853,0.988,0.022199999999999998
Drive in Left Lane When Not Passing or Where Prohibited,21074,241,0.0114,115,68,37,7,12,2,10209,6144,3073,526,1043,79,2014,0.0113,0.0111,0.012,0.0133,0.002199999999999999
Speeding Over Limit (#),529145,1180,0.0022,639,366,90,15,64,6,298868,155879,43000,8652,21145,1601,2015,0.0021,0.0023,0.0021,0.0017,0.0006000000000000001
Speeding-10% or More Above Posted Speed (#),212943,205666,0.9658,99982,69004,19945,6846,9092,797,103526,71756,20571,6979,9295,816,2015,0.9658,0.9616,0.9696,0.9809,0.019299999999999984
No/Improper License Plate Lamp,32274,10,0.0003,5,4,1,0,0,0,12725,14978,2796,399,1280,96,2015,0.0004,0.0003,0.0004,0.0,0.0004
"Ride, Not Secured By Safety Belt-Driver (12-1-85) (#)",18251,11087,0.6075,5293,3978,1202,151,424,39,9114,6189,2016,226,644,62,2015,0.5808,0.6428,0.5962,0.6681,0.08730000000000004
Operate Motor Vehicle Without License Plates (Or With One Plate),51777,507,0.0098,277,156,45,18,9,2,27548,16664,4764,1244,1378,179,2015,0.0101,0.0094,0.0094,0.0145,0.0051
No/Non-Compliant Head Lamps (#),41910,36,0.0009,20,11,5,0,0,0,19318,15740,4090,689,1918,155,2015,0.001,0.0007,0.0012,0.0,0.0012
Improperly Placed Or Obstructed License Plate (#),25272,132,0.0052,55,64,7,5,1,0,8174,13256,2504,322,953,63,2015,0.0067,0.0048,0.0028,0.0155,0.0127
Display Expired License Plates/Registration (#),19992,4338,0.217,2461,1368,376,58,67,8,9534,8271,1574,229,351,33,2015,0.2581,0.1654,0.2389,0.2533,0.0927
No/Improper Mud Flap,7791,105,0.0135,52,43,6,0,3,1,3472,3054,724,31,488,22,2015,0.015,0.0141,0.0083,0.0,0.015
No/Improper Tail Lamp - not Motorcycle,13983,56,0.004,28,22,3,0,3,0,6455,5641,1116,209,523,39,2015,0.0043,0.0039,0.0027,0.0,0.0043
Following Too Closely,12396,478,0.0386,268,152,27,19,12,0,3896,6296,1415,164,588,37,2015,0.0688,0.0241,0.0191,0.1159,0.0968
Drive On Improved Shoulder When Prohibited,10024,377,0.0376,166,133,43,16,17,2,3651,5191,668,144,341,29,2015,0.0455,0.0256,0.0644,0.1111,0.0855
Fail To Signal Lane Change,11084,137,0.0124,66,53,11,4,2,1,4866,4371,1099,264,451,33,2015,0.0136,0.0121,0.01,0.0152,0.0052
Disregard Stop Sign (#),9478,2426,0.256,1149,943,172,86,64,12,4278,4154,539,220,258,29,2015,0.2686,0.227,0.3191,0.3909,0.16390000000000002
Fail To Drive In Single Lane (#),6413,1820,0.2838,1017,464,221,48,63,7,2710,2616,693,143,231,20,2015,0.3753,0.1774,0.3189,0.3357,0.19790000000000002
"Ride, Not Secured By Safety Belt-Passenger (When Required)",10438,6298,0.6034,1661,3617,605,131,246,38,2955,5685,1099,217,418,64,2015,0.5621,0.6362,0.5505,0.6037,0.0857
Fail to Move Over or Slow Down for Certain Vehicles,6799,1291,0.1899,605,408,116,60,96,6,3102,2496,585,197,397,22,2015,0.195,0.1635,0.1983,0.3046,0.14109999999999998
Inoperable/Obscured Stop Lamp(s) (#),20337,38,0.0019,14,21,2,1,0,0,7189,10743,1663,318,394,30,2015,0.0019,0.002,0.0012,0.0031,0.0019
Use Of Vision Reducing Matter On Windows - Glass Coating Material,8257,1575,0.1907,399,1058,78,8,30,2,1644,6089,366,30,116,12,2015,0.2427,0.1738,0.2131,0.2667,0.09289999999999998
Unsafe Speed (#),7190,7093,0.9865,3954,1963,745,187,210,34,4002,2005,748,190,211,34,2015,0.988,0.9791,0.996,0.9842,0.016900000000000026
Fail To Control Speed (#),8314,8167,0.9823,5129,1840,739,184,243,32,5207,1887,755,187,246,32,2015,0.985,0.9751,0.9788,0.984,0.00990000000000002
Drive in Left Lane When Not Passing or Where Prohibited,16645,164,0.0099,68,70,12,8,5,1,6654,6355,2103,398,1047,88,2015,0.0102,0.011,0.0057,0.0201,0.0144
Speeding Over Limit (#),552698,1040,0.0019,601,344,75,18,0,2,324971,170651,48395,8201,1,477,2016,0.0018,0.002,0.0015,0.0022,0.0007000000000000001
Speeding-10% or More Above Posted Speed (#),226539,219343,0.9682,111117,79349,22531,6107,0,238,114689,82245,23146,6215,0,243,2016,0.9689,0.9648,0.9734,0.9826,0.017800000000000038
No/Improper License Plate Lamp,29260,6,0.0002,2,4,0,0,0,0,12649,13255,2909,417,0,30,2016,0.0002,0.0003,0.0,0.0,0.0003
"Ride, Not Secured By Safety Belt-Driver (12-1-85) (#)",16623,10023,0.603,4971,4037,930,80,0,5,8520,6254,1696,144,0,9,2016,0.5835,0.6455,0.5483,0.5556,0.09719999999999995
Operate Motor Vehicle Without License Plates (Or With One Plate),57819,597,0.0103,311,223,52,11,0,0,30974,20075,5548,1185,0,37,2016,0.01,0.0111,0.0094,0.0093,0.0018000000000000013
No/Non-Compliant Head Lamps (#),40423,31,0.0008,12,14,3,2,0,0,19741,15726,4304,621,0,31,2016,0.0006,0.0009,0.0007,0.0032,0.0026000000000000003
Improperly Placed Or Obstructed License Plate (#),27973,181,0.0065,63,91,24,3,0,0,9847,14715,3094,293,0,24,2016,0.0064,0.0062,0.0078,0.0102,0.004000000000000001
Display Expired License Plates/Registration (#),29326,7298,0.2489,3962,2589,665,81,0,1,13858,12702,2492,265,0,8,2016,0.2859,0.2038,0.2669,0.3057,0.10190000000000002
No/Improper Mud Flap,6644,73,0.011,25,41,6,1,0,0,3287,2667,653,36,0,1,2016,0.0076,0.0154,0.0092,0.0278,0.0202
No/Improper Tail Lamp - not Motorcycle,12812,48,0.0037,19,24,4,1,0,0,6394,5018,1209,182,0,9,2016,0.003,0.0048,0.0033,0.0055,0.0024999999999999996
Following Too Closely,9960,397,0.0399,200,145,38,12,0,2,3524,4985,1298,133,0,20,2016,0.0568,0.0291,0.0293,0.0902,0.0611
Drive On Improved Shoulder When Prohibited,9150,435,0.0475,204,149,68,14,0,0,3727,4518,754,139,0,12,2016,0.0547,0.033,0.0902,0.1007,0.0677
Fail To Signal Lane Change,9966,134,0.0134,61,57,10,5,0,1,4562,4050,1082,258,0,14,2016,0.0134,0.0141,0.0092,0.0194,0.0102
Disregard Stop Sign (#),9256,2525,0.2728,1177,1105,176,66,0,1,4173,4255,598,226,0,4,2016,0.2821,0.2597,0.2943,0.292,0.03460000000000002
Fail To Drive In Single Lane (#),6931,2134,0.3079,1238,578,272,42,0,4,3150,2843,789,138,0,11,2016,0.393,0.2033,0.3447,0.3043,0.1897
"Ride, Not Secured By Safety Belt-Passenger (When Required)",10448,6473,0.6195,1828,3890,613,137,0,5,3173,5924,1129,214,0,8,2016,0.5761,0.6567,0.543,0.6402,0.11369999999999991
Fail to Move Over or Slow Down for Certain Vehicles,6469,1376,0.2127,689,509,122,54,0,2,3395,2214,641,214,0,5,2016,0.2029,0.2299,0.1903,0.2523,0.06200000000000003
Inoperable/Obscured Stop Lamp(s) (#),16441,42,0.0026,15,23,3,1,0,0,6459,7984,1666,326,0,6,2016,0.0023,0.0029,0.0018,0.0031,0.0013
Use Of Vision Reducing Matter On Windows - Glass Coating Material,8412,2043,0.2429,580,1351,106,6,0,0,2027,5923,430,31,0,0,2016,0.2861,0.2281,0.2465,0.1935,0.09260000000000002
Unsafe Speed (#),5908,5839,0.9883,3488,1602,635,107,0,7,3517,1637,640,107,0,7,2016,0.9918,0.9786,0.9922,1.0,0.021399999999999975
Fail To Control Speed (#),8505,8375,0.9847,5435,2019,739,176,0,6,5504,2062,756,177,0,6,2016,0.9875,0.9791,0.9775,0.9944,0.016899999999999915
Drive in Left Lane When Not Passing or Where Prohibited,16205,94,0.0058,37,47,8,2,0,0,6847,6851,2108,369,0,29,2016,0.0054,0.0069,0.0038,0.0054,0.0031
Speeding Over Limit (#),621080,773,0.0012,400,297,55,19,0,1,353916,202441,54062,10080,0,579,2017,0.0011,0.0015,0.001,0.0019,0.0009
Speeding-10% or More Above Posted Speed (#),254732,244721,0.9607,121320,91308,24788,7017,0,287,126525,95236,25527,7151,0,292,2017,0.9589,0.9588,0.9711,0.9813,0.022499999999999964
No/Improper License Plate Lamp,33667,11,0.0003,5,5,1,0,0,0,13445,16093,3624,484,0,21,2017,0.0004,0.0003,0.0003,0.0,0.0004
"Ride, Not Secured By Safety Belt-Driver (12-1-85) (#)",19147,11448,0.5979,5138,5089,1070,143,0,8,9027,7816,2081,212,0,11,2017,0.5692,0.6511,0.5142,0.6745,0.1603
Operate Motor Vehicle Without License Plates (Or With One Plate),75895,741,0.0098,372,288,60,21,0,0,39270,26698,8116,1759,0,52,2017,0.0095,0.0108,0.0074,0.0119,0.0045000000000000005
No/Non-Compliant Head Lamps (#),48219,41,0.0009,13,19,7,2,0,0,21435,20584,5373,777,0,50,2017,0.0006,0.0009,0.0013,0.0026,0.002
Improperly Placed Or Obstructed License Plate (#),41824,228,0.0055,77,119,24,7,0,1,13565,22558,5066,594,0,41,2017,0.0057,0.0053,0.0047,0.0118,0.0070999999999999995
Display Expired License Plates/Registration (#),39781,9464,0.2379,4898,3567,892,99,0,8,17950,17586,3837,386,0,22,2017,0.2729,0.2028,0.2325,0.2565,0.07009999999999997
No/Improper Mud Flap,6800,69,0.0101,29,38,2,0,0,0,3323,2809,625,35,0,8,2017,0.0087,0.0135,0.0032,0.0,0.0135
No/Improper Tail Lamp - not Motorcycle,14116,43,0.003,17,20,4,2,0,0,6672,5768,1441,224,0,11,2017,0.0025,0.0035,0.0028,0.0089,0.0063999999999999994
Following Too Closely,12410,479,0.0386,256,172,35,15,0,1,4314,6434,1430,211,0,21,2017,0.0593,0.0267,0.0245,0.0711,0.046599999999999996
Drive On Improved Shoulder When Prohibited,12879,479,0.0372,208,170,81,19,0,1,4849,6836,958,227,0,9,2017,0.0429,0.0249,0.0846,0.0837,0.059699999999999996
Fail To Signal Lane Change,13658,162,0.0119,89,47,18,8,0,0,5837,5910,1520,367,0,24,2017,0.0152,0.008,0.0118,0.0218,0.0138
Disregard Stop Sign (#),11949,2961,0.2478,1332,1353,198,74,0,4,4741,6294,648,257,0,9,2017,0.281,0.215,0.3056,0.2879,0.09059999999999999
Fail To Drive In Single Lane (#),10177,2463,0.242,1410,691,305,51,0,6,4266,4606,1089,202,0,14,2017,0.3305,0.15,0.2801,0.2525,0.18050000000000002
"Ride, Not Secured By Safety Belt-Passenger (When Required)",12665,7911,0.6246,2040,4912,798,151,0,10,3595,7364,1433,254,0,19,2017,0.5675,0.667,0.5569,0.5945,0.11010000000000009
Fail to Move Over or Slow Down for Certain Vehicles,8005,2138,0.2671,1041,774,211,110,0,2,4038,2843,808,305,0,11,2017,0.2578,0.2722,0.2611,0.3607,0.10290000000000005
Inoperable/Obscured Stop Lamp(s) (#),19478,57,0.0029,18,31,8,0,0,0,7072,9696,2318,368,0,24,2017,0.0025,0.0032,0.0035,0.0,0.0035
Use Of Vision Reducing Matter On Windows - Glass Coating Material,12519,3404,0.2719,1022,2120,246,16,0,0,2970,8673,824,51,0,1,2017,0.3441,0.2444,0.2985,0.3137,0.09970000000000001
Unsafe Speed (#),6152,6010,0.9769,3424,1805,637,133,0,11,3477,1878,649,137,0,11,2017,0.9848,0.9611,0.9815,0.9708,0.023700000000000054
Fail To Control Speed (#),8733,8605,0.9853,5418,2204,772,200,0,11,5475,2263,782,202,0,11,2017,0.9896,0.9739,0.9872,0.9901,0.016199999999999992
Drive in Left Lane When Not Passing or Where Prohibited,19632,109,0.0056,52,38,12,7,0,0,7956,8612,2520,518,0,26,2017,0.0065,0.0044,0.0048,0.0135,0.0091
