variable,coef_2006,odds_ratio_2006,OR_lower_CI_2006,OR_upper_CI_2006,pvalue_2006,coef_2007,odds_ratio_2007,OR_lower_CI_2007,OR_upper_CI_2007,pvalue_2007,coef_2008,odds_ratio_2008,OR_lower_CI_2008,OR_upper_CI_2008,pvalue_2008,coef_2009,odds_ratio_2009,OR_lower_CI_2009,OR_upper_CI_2009,pvalue_2009,coef_2010,odds_ratio_2010,OR_lower_CI_2010,OR_upper_CI_2010,pvalue_2010,coef_2011,odds_ratio_2011,OR_lower_CI_2011,OR_upper_CI_2011,pvalue_2011,coef_2012,odds_ratio_2012,OR_lower_CI_2012,OR_upper_CI_2012,pvalue_2012,coef_2013,odds_ratio_2013,OR_lower_CI_2013,OR_upper_CI_2013,pvalue_2013,coef_2014,odds_ratio_2014,OR_lower_CI_2014,OR_upper_CI_2014,pvalue_2014,coef_2015,odds_ratio_2015,OR_lower_CI_2015,OR_upper_CI_2015,pvalue_2015,coef_2016,odds_ratio_2016,OR_lower_CI_2016,OR_upper_CI_2016,pvalue_2016,coef_2017,odds_ratio_2017,OR_lower_CI_2017,OR_upper_CI_2017,pvalue_2017
subject_race_black,0.07603992399794456,1.0790056515167812,1.0626915194609476,1.0955702333972925,1.3399357839609837e-22,0.08163923238741382,1.0850642831577868,1.0676789693122017,1.102732686907919,3.903371032916479e-23,0.2012022627252445,1.222872088252232,1.2033724216094397,1.2426877310569768,6.583939445495708e-133,0.2457193624554954,1.2785407166624634,1.2584067833229198,1.2989967837326046,3.2932418858373235e-202,0.3318769253468885,1.3935813234195749,1.3731246957397825,1.4143427111967775,0.0,0.37763526256076535,1.458830755633304,1.4383868391018908,1.479565243318305,0.0,0.3793621603493602,1.4613521837368375,1.4413190925667676,1.4816637175806349,0.0,0.44439473433830595,1.5595459704841352,1.5367815271100502,1.5826476250186814,0.0,0.42758454216320557,1.533548823723065,1.508629587278986,1.5588796710424655,0.0,0.5182578169323218,1.6790998007731768,1.6502499285249033,1.7084540300369273,0.0,0.5027896932047703,1.6533271186899392,1.6259282154054457,1.6811877274138736,0.0,0.5407432177666586,1.7172827030276048,1.692121072896206,1.7428184834730742,0.0
subject_race_hispanic,0.23183559130635917,1.260912406824425,1.2468300736319402,1.2751537930525545,0.0,0.1963974387281599,1.2170104963328747,1.202945448690011,1.231239994961784,1.8516680588935466e-240,0.06244359593207056,1.0644344187933577,1.0516701619211366,1.0773535971033064,3.495909768993429e-24,0.25961671169843165,1.2964330837893796,1.2831827738914017,1.3098202180867842,0.0,0.2842220977584666,1.3287280054954946,1.315946832253023,1.3416333162680323,0.0,0.32441529402171654,1.383221631528761,1.3703351566551472,1.3962292893362447,0.0,0.3965435545425626,1.4866771881095644,1.4728229300389344,1.5006617676620053,0.0,0.41513555808578045,1.5145760398054815,1.499697130557022,1.529602566820164,0.0,0.2803290747904695,1.3235652926520627,1.3097196547840364,1.3375572990099196,0.0,0.22616569959462932,1.253783399468021,1.2397516149364325,1.26797399885798,0.0,0.3476672769977699,1.415761115077051,1.400544820858803,1.4311427275388056,0.0,0.35938767272953137,1.4324520165270263,1.4185596158640301,1.4464804698409104,0.0
subject_race_asian/pacific islander,-0.17349603971580185,0.840720480647323,0.7958172675122523,0.8881573137880974,5.825369192387425e-10,-0.19608036912623128,0.8219461729278322,0.7776462151438472,0.868769754207239,4.0162598573700205e-12,-0.07916372561498002,0.9238886478244578,0.8789598847678547,0.9711139818449672,0.0018560098309939553,-0.05440903485582531,0.9470446529931081,0.9064463254416255,0.9894613167810739,0.014937294240306142,-0.02992835103446321,0.9705150674580834,0.9318587310542119,1.0107749863518443,0.1489737383539148,0.0371794618489647,1.0378792638575929,1.0004029563473211,1.0767594792788655,0.04754254187652744,0.012670800203708076,1.0127514149170973,0.9782500990983611,1.0484695369434909,0.47368429747534735,0.00824378757390475,1.0082778611581247,0.9717024810205162,1.0462299573773937,0.6619025322771817,-0.018893061591396844,0.9812842936128554,0.9425388353702484,1.0216224825505746,0.3579953638910067,-0.04235067007236922,0.9585335925861164,0.9178583297370339,1.001011396147899,0.05558547716884042,-0.0980545451127066,0.9065994518359728,0.8657582659882298,0.9493672753226253,3.055516751021492e-05,-0.046250409473221725,0.954802840576466,0.9175340247618365,0.9935854581627359,0.022801359287659605
county_type_Non core,-0.21940263349526637,0.8029983390284253,0.7936686407205502,0.8124377093909213,2.1317884583765494e-296,-0.2523724757935599,0.7769552871284245,0.7674457562875582,0.786582651934848,0.0,-0.4659485296012503,0.6275395829286801,0.6203164806492578,0.6348467926083834,0.0,-0.2728204177800495,0.7612294786345948,0.7523435201441709,0.7702203895253242,0.0,-0.25540462198787367,0.7746030131329439,0.7660387821281326,0.7832629913171605,0.0,-0.23976715486772826,0.7868110448608119,0.7782757723810143,0.7954399228193993,0.0,-0.21344055235387063,0.8078001805424752,0.7989140269218398,0.8167851729912055,0.0,-0.22170058332013626,0.8011552076586542,0.7918775395754706,0.8105415732623001,1.3667161694461204e-304,-0.19331123738180475,0.824225404457241,0.814030334182131,0.8345481597258334,1.568760217224147e-203,-0.2720943777756912,0.7617823623721489,0.7515220797147077,0.7721827252787966,0.0,-0.3159572793305648,0.7290905967406895,0.7197921675846631,0.7385091449931209,0.0,-0.33176149198949334,0.717658469737521,0.7093499397011772,0.7260643165811291,0.0
county_type_Micropolitan,-0.18289276973563853,0.8328574584744749,0.8223952030662923,0.843452811434562,7.021842638789216e-177,-0.22228025159768924,0.8006909379735826,0.790082285954163,0.8114420352796133,5.181058151718148e-234,-0.47917379586844666,0.6192948444540394,0.6114900160911605,0.6271992907079239,0.0,-0.23702588176341086,0.7889708677960168,0.7789978385614178,0.7990715755775779,5.548576226762754e-292,-0.18707908815520496,0.8293781398044373,0.8193800443909722,0.8394982322235424,8.794283592198674e-201,-0.24169306472416907,0.7852971759697951,0.7760682253079578,0.7946358766865129,0.0,-0.2032551017542604,0.81607003397243,0.8066351310647681,0.8256152933342666,3.361861755265271e-257,-0.24167043068922434,0.7853149506146732,0.7756124922534101,0.7951387810518017,0.0,-0.40826957502447325,0.6647996412849364,0.6562578690412536,0.673452592192533,0.0,-0.5547993614352841,0.5741874537866173,0.5664880021594353,0.5819915529176004,0.0,-0.4805739826545072,0.6184283227838253,0.6105291494378032,0.6264296975392444,0.0,-0.511452855821085,0.599623778768286,0.592707932521685,0.6066203206268103,0.0
subject_sex_female,-0.13932368133146297,0.8699463974731289,0.8610075701433961,0.8789780261170445,4.889561998720744e-154,-0.12140002044994631,0.8856795987702047,0.8760566568888375,0.8954082427311395,3.560628531240848e-105,-0.08712026251065612,0.9165668603728879,0.9069271615564508,0.9263090192293487,1.1345375780771158e-58,-0.15259001491362348,0.8584816143299261,0.8495630012260386,0.8674938539919171,2.2638434306266335e-180,-0.1927852841072412,0.8246590225291204,0.8166077398499588,0.8327896862251599,0.0,-0.20699160438820685,0.813026475813586,0.8053851693232353,0.820740281236253,0.0,-0.19784493958087815,0.8204970698939804,0.8128548790263309,0.8282111100950896,0.0,-0.20486443194440584,0.8147577640505121,0.8068074742945323,0.8227863960494903,0.0,-0.20726777278310524,0.8128019745982477,0.8042737689851326,0.8214206099801606,0.0,-0.14358024650184606,0.8662512837628155,0.8566815904721765,0.8759278767822397,1.3998758280549126e-141,-0.13551499985822169,0.8732660639630889,0.8639977243830685,0.8826338275533194,9.01320033086718e-137,-0.14893266166273209,0.8616271334840125,0.8535439550683803,0.8697868607087729,1.4008649188795829e-210
const,-4.116608375659708,0.016299703269509233,0.016007053554370137,0.016597703366933243,0.0,-4.25129866985253,0.014245721401871496,0.013968050497745146,0.014528912126463185,0.0,-4.2564313046376965,0.014172790640253353,0.013907695249680885,0.014442939029532014,0.0,-4.5564444502462145,0.01049932352330307,0.010297978319834705,0.010704605411206053,0.0,-4.490255098835745,0.011217781801479936,0.01101813161826592,0.011421049675699868,0.0,-4.173164860090333,0.0154034331885031,0.015152559710203475,0.015658460255590218,0.0,-3.8874383650844813,0.020497786688432773,0.020173306228470324,0.020827486301255197,0.0,-3.853634412913993,0.021202537460915966,0.02084500339090059,0.02156620396510871,0.0,-3.8607431291774903,0.021052349093750065,0.02066905855544218,0.021442747437010082,0.0,-3.8947309568448856,0.02034884843114378,0.01995873183269652,0.020746590311681096,0.0,-3.8943009997299387,0.020357599444453135,0.01998986277242538,0.02073210105836636,0.0,-3.9288230951082315,0.019666804896999603,0.019347562169734232,0.019991315260467286,0.0
Speeding Over Limit,-0.1935594612667454,0.8240208374155432,0.8150503528153611,0.8330900516140675,3.323561437333702e-263,-0.13192942385471684,0.8764028460313348,0.8663519307098466,0.8865703662742399,2.6617745314076585e-111,-0.005124732000256986,0.994888377035788,0.9837564119197723,1.0061463089519616,0.37204522717335897,0.13148755369420354,1.1405237123271397,1.127424104041842,1.1537755257467899,3.047697897590353e-110,0.13149172456202257,1.1405284693107085,1.1279356961315294,1.1532618337814713,3.4020281531875006e-119,0.004269686406996954,1.0042788145047519,0.9935953091971481,1.0150771928241353,0.43394201787383,-0.08569300846966117,0.9178759681206318,0.9080824605176822,0.9277750969588097,2.9703690338956614e-55,-0.09368802789310919,0.9105667893739375,0.9003225525936607,0.920927589253637,3.1109439126675565e-59,-0.06053099148450066,0.9412645973791911,0.9297552515225455,0.952916416259604,5.255883479965145e-22,-0.04256548095791235,0.9583277112498378,0.9459482574635084,0.9708691727092496,1.3944663562397276e-10,0.005911191930216952,1.005928697501167,0.9936038184816661,1.0184064570149047,0.3473223557994699,0.059332834254845486,1.0611283618391083,1.0492961772840672,1.0730939697253075,3.3658696572893623e-25
Speeding-10% or More Above Posted Speed,9.362740144890791,11646.257292024036,11175.36013257564,12136.996687619272,0.0,9.727529998979726,16773.07160886968,15979.604430819143,17605.938395675814,0.0,8.660570308088358,5770.824872298209,5586.236657296507,5961.512508288997,0.0,8.28401998426761,3960.081893722352,3849.9840218623076,4073.3282309576493,0.0,8.027341728749382,3063.5869941692454,2982.763018578674,3146.601058274921,0.0,7.682763240735902,2170.6094089722797,2115.361094334462,2227.300681164008,0.0,7.104937884674459,1217.9664280035072,1189.5121532069084,1247.101356421019,0.0,7.001592483679504,1098.3809201072725,1071.7668193531083,1125.655901890932,0.0,6.937732645024949,1030.4312109536575,1004.7048297582227,1056.8163395441577,0.0,7.16571961020334,1294.2926519625864,1258.9604075521117,1330.6164823574913,0.0,7.245624582120823,1401.9572600173328,1364.819606232588,1440.1054541858302,0.0,7.057681950866619,1161.7490507362415,1134.988714910098,1189.140331667055,0.0
No/Improper License Plate Lamp,0.020320475390250742,1.020528341844554,0.9986656548629322,1.0428696445467918,0.06589789327451007,0.056074011201219534,1.0576759607082422,1.033536225635299,1.0823795142472812,1.9339249645419153e-06,0.13621608949416927,1.145929490166273,1.1204815936133468,1.1719553484123317,1.3635985687720302e-32,0.34877834609165,1.4173349976805796,1.3852747766240832,1.4501372071075687,3.853849269247892e-196,0.3655154954914756,1.4412567780566463,1.4095764269651105,1.4736491477561011,6.280143286065777e-228,0.17936668720702703,1.1964593900921183,1.1715300762370677,1.221919181740176,1.4007518413863373e-62,0.031088799622611178,1.031577103476941,1.0084790222860909,1.055204220317427,0.007129642484776713,0.052654613716017734,1.0540655224676119,1.0276666198639832,1.0811425652824775,4.7248524816106784e-05,0.08261980354417038,1.0861287877230195,1.0561566548973342,1.1169514844702166,7.176761498484223e-09,0.09276186792761924,1.0972004255450518,1.0645604637723445,1.130841145039635,1.7417678662869534e-09,0.10001087088997009,1.105182932332399,1.0731645869524113,1.1381565593656726,2.6021700033894223e-11,0.19122629015263012,1.210733398129941,1.1797091848076688,1.2425734920308011,2.966804790440843e-47
"Ride, Not Secured By Safety Belt-Driver (12-1-85)",9.914962204241558,20230.81476104045,17784.84085098014,23013.18686655416,0.0,10.04110904912399,22950.822396664767,19945.605611034156,26408.837061926555,0.0,9.752241289933957,17192.719527963414,15164.636219219996,19492.03399898098,0.0,7.236623612038179,1389.394906162434,1334.1240293740436,1446.9555774179778,0.0,5.2167637556234245,184.33665924712668,179.38319891863176,189.42690367454438,0.0,4.6145056014892285,100.93791264063647,98.36056211623028,103.58279770920079,0.0,4.242134294235908,69.55614681312296,67.78706709682159,71.37139526302893,0.0,4.16204970617893,64.20298507940535,62.41388295052304,66.0433720551239,0.0,4.275142404868343,71.89037612030245,69.7384895148861,74.10866244264388,0.0,4.03010311066201,56.266712646019705,54.50021374441714,58.09046854085163,0.0,3.9654289614092972,52.74288920186964,51.092039215652825,54.44708029012171,0.0,3.9516827833152854,52.02283637911812,50.52177946914455,53.56849131930073,0.0
Operate Motor Vehicle Without License Plates (Or With One Plate),0.13973135671067477,1.1499648270237406,1.1253386159549457,1.1751299427946462,1.099741907148225e-36,0.22409951853089685,1.2511955303737339,1.2226839554549715,1.2803719622252476,6.031181334168188e-81,0.244107738491188,1.27648184930976,1.24956304852335,1.3039805502753845,1.352830148116229e-111,0.42464165036669266,1.5290423896964154,1.4954276600692082,1.5634127226056014,8.55208993085578e-307,0.4145074653483785,1.5136250442825911,1.4813281727388625,1.5466260730351735,1.71181983555934e-310,0.24618292294666055,1.2791335350180224,1.2537264775157813,1.3050554724262866,8.312330656567987e-128,0.06745262732888081,1.0697795800812824,1.0482529097135471,1.0917483169892837,7.838943469101067e-11,0.016792800628355968,1.016934592285904,0.9949622054382832,1.039392209407743,0.1318647665223334,0.10965948602325083,1.1158980268826884,1.0911315067257885,1.1412266979049068,1.007668332366253e-21,0.01918636021697904,1.0193716012298406,0.9952088198984,1.0441210333123576,0.11698100821684063,0.03131276031421099,1.0318081620715298,1.0096269662868664,1.0544766719463141,0.0047420405193489765,0.06233534809267445,1.064319202303425,1.0445597558087356,1.0844524289706754,7.052545336879886e-11
No/Non-Compliant Head Lamps,-0.09641907587805733,0.9080833804766569,0.8798684243792119,0.9372031124764107,2.1352637750173392e-09,-0.024678508666433903,0.9756235161203887,0.9444454378173934,1.007830846646693,0.13642271747914833,0.07168126789890164,1.0743128714894445,1.039752433763535,1.1100220671475505,1.7344299973960933e-05,0.2196411407370198,1.245629644635491,1.2059656920620996,1.2865981360892997,2.2262888273191447e-40,0.19343212327141765,1.2134070216571327,1.1768571158756584,1.2510920657613598,2.75588118964359e-35,0.07249579246076616,1.0751882821837566,1.0444468849296797,1.1068344966370314,9.671055359753653e-07,-0.09542041312529982,0.9089907025040858,0.8830380778544327,0.9357060787757779,1.0719888490873275e-10,-0.10260413116176458,0.902484168134901,0.8730127794718336,0.9329504594731101,1.3862581294180136e-09,-0.01066973429057836,0.98938698541703,0.9597014796332839,1.019990723872433,0.49241313739955306,0.05045793092040474,1.0517526161597668,1.020005194185557,1.0844881691824788,0.001252739405429601,0.11604373506045285,1.1230449874996347,1.0906624328841972,1.1563890035277007,7.633235234885862e-15,0.2253330159102921,1.2527398290299274,1.2208985206211902,1.28541156593379,5.87179558284206e-66
Improperly Placed Or Obstructed License Plate,0.042589664307840544,1.0435096177466578,1.009555916494094,1.0786052605300602,0.011620248231924105,0.03533825187893393,1.0359700683635356,1.0007039714642565,1.072478987941623,0.045523200511662316,0.09201974701413441,1.0963864722262173,1.0587418443480694,1.1353695925949088,2.442154593216006e-07,0.30555259155553893,1.3573748696928363,1.3110243837456435,1.4053640494539479,1.4058266962215176e-66,0.307227050757811,1.3596496425099613,1.317774577920342,1.4028553755338982,1.444495854499477e-82,0.13835605663157702,1.14838436735844,1.1173594615821616,1.1802707190807384,4.111572546661203e-23,0.07300664110264472,1.0757376809753394,1.0470919872021174,1.1051670458889946,1.1476951844024012e-07,0.12130641765449335,1.1289707959555069,1.0965683157593034,1.1623307365376951,3.228413528310874e-16,0.17466099142022098,1.1908424423696307,1.156574663848212,1.2261255298732519,9.567183324861636e-32,0.2163499604422753,1.2415367917473406,1.2055302048559071,1.2786188177230444,4.600290249045124e-47,0.26218796079852985,1.2997708254331026,1.2666126348067632,1.3337970522493545,5.429422401610359e-88,0.3000572415603792,1.3499360778119538,1.3218687882191398,1.3785993212181171,2.1211498186966717e-172
Display Expired License Plates/Registration,2.6118577861533283,13.624338462415189,13.302190447061976,13.954288151049882,0.0,2.7379897786054563,15.455884097981674,15.028385986635719,15.895542838909998,0.0,2.769574900818097,15.951851449264781,15.545868090896805,16.368437141726165,0.0,3.119535380195085,22.635860130659722,22.074601312632584,23.211389261266998,0.0,2.7622614695853245,15.835614245145496,15.47458456195296,16.20506692875037,0.0,2.1593785097326736,8.665750305069329,8.490677795747901,8.84443270093426,0.0,1.8878403477068981,6.605088571877747,6.469301226406988,6.743726024731778,0.0,1.7618116774367065,5.8229772005640115,5.69511940581889,5.9537054558758395,0.0,1.6362490359501123,5.135868877346571,5.01911649585861,5.255337099081388,0.0,1.9447152896786937,6.991640979285309,6.830628737912483,7.15644861678734,0.0,2.1588416073441854,8.661098891821672,8.490576280167003,8.835046236983942,0.0,2.0662530844743427,7.895185035441699,7.7611214422449,8.031564408278667,0.0
No/Improper Mud Flap,-0.43936590672762527,0.6444449297475248,0.6156817005685373,0.674551910660629,2.4244846355131536e-79,-0.3135704031480758,0.7308329242537523,0.698227800249291,0.7649606088193467,2.4752244313772156e-41,-0.10476052752662003,0.9005401513440795,0.8608784870992506,0.9420290741791072,5.1489243152859415e-06,-0.06259714964705974,0.9393218035989521,0.8961334347244364,0.9845915982229879,0.009145399007592163,-0.06824446461596799,0.9340321078641319,0.8903543844549231,0.9798525101386549,0.005223368566242275,-0.2017547018060591,0.8172953844371421,0.7785560111258286,0.8579623506552051,3.8489480290266227e-16,-0.22248017599918948,0.8005308763176701,0.7631203655740744,0.8397753655228991,8.151976534672532e-20,-0.18090225498468532,0.8345169245789686,0.7914127206401451,0.8799687940894259,2.299312229225385e-11,-0.058317179544877334,0.9433506884378724,0.8947652775116676,0.9945742685177047,0.03064705157691341,-0.2170341678590221,0.804902467041137,0.7578891864874399,0.8548320691202335,1.5719857363396455e-12,-0.23659976884753062,0.7893071301108077,0.7446808326940767,0.836607736216164,1.6146358934681259e-15,-0.2269612706712122,0.7969516470948175,0.7549666048759971,0.841271552549616,2.0458859274117822e-16
No/Improper Tail Lamp - not Motorcycle,0.11080201603428326,1.11717370247771,1.078948017617155,1.1567536722150151,4.4411065632957677e-10,0.15956921515345437,1.173005449163179,1.1311522992797822,1.2164071846404674,7.433037826179074e-18,0.21104605170213378,1.234969226186827,1.1891940497556122,1.2825064083880333,6.532105021229289e-28,0.34240639260155237,1.408332517148809,1.35635521624633,1.4623016560128685,3.104361458732093e-71,0.3261148845680601,1.385574540862049,1.338817275306826,1.4339647715145445,2.2355413221554346e-77,0.07560682795521771,1.0785384396201443,1.0450515908377478,1.1130983158503782,2.6235306986862785e-06,0.016355946357215857,1.016490437088405,0.9849852362479492,1.0490033461091157,0.308590861839541,-0.03212407902490697,0.9683864181819409,0.9348721226788759,1.003102169986696,0.07383974546760826,-0.018302313567177732,0.9818641566301067,0.9456470562825882,1.0194683266553322,0.339852543726761,0.019499794181383808,1.019691156989214,0.9795316251853021,1.0614971777407434,0.3415135210953285,0.07422143035101889,1.0770452696057617,1.035527319139794,1.120227821457936,0.0002151258199619596,0.16060265586573938,1.1742183073506467,1.1322538597394396,1.2177380730101568,5.173824607361379e-18
Following Too Closely,0.8510472894649883,2.3420984229539847,2.2421657932590278,2.4464850187685623,0.0,0.9231934917609403,2.517316597114416,2.404796753604292,2.635101216188032,0.0,0.8093891534790365,2.24653527920284,2.148562440642682,2.3489756058443136,3.2057377745734273e-277,0.9081448916989596,2.479718118195572,2.3770277218093736,2.586844860617284,0.0,0.8193293567004656,2.268977652508416,2.187574007920616,2.3534104761448718,0.0,0.557785526050388,1.7467999710400113,1.689311273895378,1.8062450573655244,4.372926228466478e-234,0.394444513080683,1.483559863892254,1.4339129888979356,1.534925680144365,3.323074222076151e-114,0.54040038860819,1.7166940693498327,1.6506364734556773,1.7853952551836798,1.8164607399658842e-160,0.5135981770676736,1.6712940006369643,1.6010367654658502,1.744634287490813,1.7075189219749723e-121,0.45758017364768483,1.5802454351027264,1.508850603838641,1.6550184814917948,7.915029434087059e-84,0.49786365553589423,1.6452027938181035,1.569163179504809,1.7249271893067626,1.7903852849465581e-94,0.5454687843148935,1.7254170412639196,1.654289797006388,1.7996024467244192,2.785347035826324e-142
Drive On Improved Shoulder When Prohibited,0.5554354608988495,1.742699697143844,1.6666135524837646,1.8222594133470125,2.406581712980533e-131,0.706744893283399,2.0273811641572648,1.930468147237861,2.129159391032015,6.1836223444546885e-176,0.6343223745495762,1.8857438803702073,1.7984032653119115,1.9773262487581926,1.743275342722598e-151,0.6996088164959042,2.012965114686682,1.9265267933276284,2.103281702065833,2.8755055489737547e-214,0.5040641592629678,1.655435571276045,1.5892452886705701,1.7243826048642816,1.6840108823573557e-129,0.4414273469785249,1.5549250529012832,1.4967741815382283,1.6153351320205862,4.563797081519203e-114,0.35083247241684945,1.4202493750358132,1.3670648995414412,1.475502946470371,1.4506395251816523e-72,0.3640830930618754,1.4391937962089172,1.3801632657499123,1.500749102984424,4.263140223021906e-65,0.46046735461810046,1.5848144823107237,1.5124660165859931,1.6606237203340197,4.036619561663556e-83,0.4582689085623705,1.5813341801929952,1.5019418463220802,1.6649231763334285,4.307938954366697e-68,0.47654726215963306,1.6105041428080453,1.5324909469866714,1.6924886891514117,6.143884178175637e-79,0.4481018056929702,1.5653380478665986,1.5000365592625142,1.6334823234598252,2.2071565988788367e-94
Fail To Signal Lane Change,0.39675609148124447,1.4869931955083664,1.4287344125069303,1.5476275675395739,2.5567405852181346e-84,0.40829153357200026,1.5042456353552744,1.4430694786519327,1.5680152376302654,8.890559728980932e-83,0.443305780230972,1.557848620829669,1.494074890700193,1.6243444960670923,5.6847361639579235e-96,0.5367467045205534,1.7104332560271596,1.6428992579652943,1.7807433469456668,2.4907380199938724e-150,0.5173167160138099,1.677520341740143,1.6158219699986822,1.7415745974503993,3.1208962196188766e-161,0.26417416321473786,1.3023549988833227,1.2573227045075195,1.3490001707880843,5.257089219505464e-49,0.10538611506111009,1.1111395552566126,1.0726910767159368,1.1509661430537004,4.480960521808807e-09,0.07780392283706423,1.0809106959875854,1.0409134472749264,1.1224448447266302,5.247124667821991e-05,0.18885589062367253,1.2078668749980617,1.1586198591948536,1.2592071300516368,5.990123969350435e-19,0.07266069130777301,1.0753655941106683,1.0286363600286776,1.1242176593531565,0.0013480075836628555,0.03122631084293855,1.031718966656968,0.9881930707117699,1.0771620017463088,0.1556382050238265,0.03591215364910661,1.036564784057487,0.9994126383604409,1.0750980228855533,0.05380358812861401
Disregard Stop Sign,2.8194359003024707,16.767389524516368,16.108670865058485,17.45304462559335,0.0,3.0361201673642273,20.824291531209624,19.94310866135117,21.744409316547767,0.0,3.0250405737403816,20.594840303948047,19.715699338604338,21.513182964533275,0.0,2.89912385091478,18.158229082141407,17.35026979063549,19.003813046036168,0.0,2.630252100741351,13.877267930716837,13.264817813755432,14.517995491894405,0.0,2.272364290416192,9.702312803277364,9.302133602982854,10.11970777354286,0.0,2.1446429192551504,8.538991583365297,8.203425049360382,8.888284688657999,0.0,2.1478208645565475,8.566171196333318,8.208653920046487,8.939259673950906,0.0,2.3064154135825943,10.038376656414291,9.585412563994245,10.512745823227547,0.0,2.242740825360246,9.419112082241652,8.96856562083324,9.892292276007007,0.0,2.337087743329047,10.351047717468855,9.878071968556771,10.846670199444949,0.0,2.256551314229339,9.550097025978364,9.158206802683763,9.958756683554455,0.0
Fail To Drive In Single Lane,1.5659483531951375,4.787212752338291,4.572237063154374,5.012296086051955,0.0,1.8971173174735727,6.66664888394166,6.337963082836988,7.012380280679473,0.0,2.117211671439422,8.307939895372936,7.881328348200031,8.757643668137842,0.0,1.920701913366132,6.825747871886388,6.4435088434102195,7.230661917723605,0.0,1.6350916504062087,5.12992813548008,4.855155016149576,5.420251791684377,0.0,1.3283272132569344,3.774723795453687,3.5919345230006337,3.9668149964107173,0.0,1.3204143968295061,3.744972960674525,3.5690777449229802,3.929536837950266,0.0,1.447114025460054,4.250829011569473,4.037403937673892,4.475536152573151,0.0,1.8242434034827826,6.198103780907425,5.865411662843841,6.5496665344496385,0.0,2.2485002972138792,9.473517716632486,8.972159625147441,10.002891352467968,0.0,2.2582843362592606,9.56666190401569,9.105449436584868,10.051235869590574,0.0,1.8721702726034668,6.502393062473175,6.235365873794841,6.780855589660371,0.0
"Ride, Not Secured By Safety Belt-Passenger (When Required)",10.54999567949741,38177.27336643693,24612.74660516581,59217.454479044136,0.0,10.784797065034795,48281.17755503034,29556.534208438865,78868.24922236001,0.0,10.081401974196323,23894.46148885141,17136.851299705893,33316.81414846623,0.0,6.104254263875636,447.7586071517905,426.7134386548451,469.8417066744401,0.0,4.771677356051731,118.11720049184561,114.00922920410596,122.37318986740763,0.0,4.554087009213066,95.01996327043379,91.73129633655195,98.426532497578,0.0,4.279542410965917,72.20739113613784,69.6550947540906,74.85320855702379,0.0,4.192854693756191,66.21153508469013,63.688954138501956,68.83402997539422,0.0,4.378641463894244,79.72964419608854,76.5856948919865,83.0026569922788,0.0,4.237964984453903,69.26674940276304,66.3508656731718,72.31077581501913,0.0,4.241833663714441,69.53523925531782,66.67313974019966,72.52020104550446,0.0,4.286605554608259,72.71920770093881,70.00279575641243,75.54102820483247,0.0
Fail to Move Over or Slow Down for Certain Vehicles,1.8898523889823418,6.618391661407019,6.269225360841017,6.98700487900562,0.0,1.9491812720876105,7.022935352955578,6.592547231076897,7.481420950508165,0.0,1.9142839104091582,6.782080480475653,6.358384256327501,7.234010054972009,0.0,2.362510138577299,10.617569601890446,10.04867651000631,11.218669855550685,0.0,2.0185321706713424,7.527268076010501,7.131910483517557,7.944542324118103,0.0,1.7719579264485326,5.8823593206896785,5.58174703012352,6.1991614795446965,0.0,1.7781822073095837,5.919086960225084,5.623852493890878,6.229820302144369,0.0,1.8429849330605481,6.31536108470768,5.979369596953799,6.670232535978212,0.0,2.1801261984557745,8.847422719356363,8.355681140825814,9.368103863193472,0.0,2.1653510937000156,8.71766209585574,8.194471632646287,9.274256574975482,0.0,2.2796877240357087,9.773627863869578,9.215500167765608,10.365558014478179,0.0,2.606648293740887,13.553547128129434,12.895298016879684,14.245397005479658,0.0
Inoperable/Obscured Stop Lamp(s),0.21367428017562531,1.2382192765375801,1.1946196733895962,1.2834101186689872,1.5568712314778248e-31,0.23892735534054627,1.2698862827764466,1.224339425724418,1.317127536123923,1.2550012630628292e-37,0.2778611850657681,1.3203029067264982,1.2755509278914234,1.3666249832862993,3.463840406001963e-56,0.3044631849727337,1.3558969417528397,1.3096311969464565,1.403797130780986,3.249092747951241e-66,0.3124563766866443,1.3667783164745049,1.3239763253468468,1.4109640260338445,1.473009220646978e-82,0.020018719051793966,1.020220437407222,0.9922536722783151,1.0489754484994613,0.15806505484133127,-0.06212421166327246,0.9397661496246482,0.9150833958093277,0.9651146770062881,4.76763553445496e-06,-0.05788910545315179,0.9437545988726324,0.9173032969553193,0.9709686489185558,6.575248033502931e-05,-0.016597368688267264,0.9835396087666536,0.9562222967529491,1.0116373204198434,0.24813714595814618,0.0280192208095967,1.0284154512090316,0.9988998638278849,1.0588031679496877,0.05931155009037292,0.06603767803637507,1.0682669666093547,1.0369372426123498,1.1005432778880122,1.3722198746673282e-05,0.123949353719913,1.1319585400581214,1.101952370982656,1.1627817772812623,1.5304078228560838e-19
Use Of Vision Reducing Matter On Windows - Glass Coating Material,2.4862060697643154,12.015603175058976,11.484760913985545,12.570981733252744,0.0,2.726141448788517,15.273838284667285,14.602865876580534,15.975640529596935,0.0,2.36675121410541,10.662695139264814,10.159113647239353,11.191238879761578,0.0,2.631895262296927,13.900089268314552,13.324731512670256,14.500290792605536,0.0,2.2446259746285904,9.436885261776634,9.03060426836548,9.86144457197611,0.0,2.075815050148728,7.971040609980596,7.6387580344994666,8.317777329639314,0.0,1.9509856771000287,7.0356190124963955,6.734153315661935,7.35058032817228,0.0,1.9254517867508647,6.858246430953553,6.548501051279286,7.182642827628239,0.0,1.9116687129473888,6.764367172811706,6.4690457021116705,7.073170503908549,0.0,1.819332679998146,6.167741219199317,5.894951403141418,6.453154427488278,0.0,1.9036997553738442,6.710676431551665,6.44081638451595,6.991843188892179,0.0,2.101779651358164,8.180715787397405,7.911582977744969,8.459003840625643,0.0
Unsafe Speed,7.970957547606775,2895.628739516384,2488.9374584183743,3368.77319627042,0.0,8.064440462640361,3179.3767393199555,2793.9580600929526,3617.9628445075846,0.0,7.979445939826547,2920.3125868575858,2565.4734784591824,3324.230664072535,0.0,8.155973694910283,3484.130154002671,3017.7684034072613,4022.5628038005684,0.0,7.818769156759423,2486.8426101020405,2180.364225671016,2836.400494287077,0.0,7.337669383404788,1537.1254855965813,1348.8664204707177,1751.6595584357333,0.0,7.212787195933387,1356.6683030313086,1178.231999686698,1562.1277345542037,0.0,7.369914842917599,1587.4985905399456,1367.9255010542452,1842.3165391858404,0.0,7.672262837859595,2147.93638197396,1815.7333134132582,2540.9186838867736,0.0,7.867116820005864,2610.029544555834,2217.7570953367613,3071.6863617653808,0.0,7.875754319788119,2632.6713175650716,2198.5976792549845,3152.4450024337475,0.0,7.465567994520522,1746.8474662825397,1514.8426063236968,2014.38489894552,0.0
Fail To Control Speed,9.468287355028384,12942.70198549686,9365.40297805807,17886.42037911737,0.0,9.78675170670333,17796.404236769613,12636.059656663976,25064.142807483866,0.0,8.93059264709778,7559.744309430984,6007.391260652368,9513.23653551542,0.0,10.245159293796867,28145.965274622424,18510.88689803265,42796.186136518736,0.0,9.239393739759015,10294.795340493192,7995.845070949171,13254.735448502046,0.0,7.664289880069188,2130.879064856977,1855.5441841032305,2447.06950551016,0.0,7.113817201238203,1228.829293521645,1091.7850507192395,1383.0757543548912,0.0,7.178898355219443,1311.4626961098036,1159.9079217804224,1482.8197747348338,0.0,7.515651483343325,1836.5635772109904,1597.2979565655805,2111.669747822372,0.0,7.836789294161746,2532.062062353523,2171.7395271986034,2952.1672407372753,0.0,7.973347379634296,2902.5570813069594,2470.0246289063302,3410.831419108361,0.0,7.929387242814228,2777.724212461218,2383.475546709968,3237.185215155131,0.0
Drive in Left Lane When Not Passing or Where Prohibited,0.36756281056866436,1.444210507364022,1.3452196039436228,1.550485871203567,3.4583759968749226e-24,0.32189417488540545,1.3797387572190647,1.2811308862643205,1.4859364164760647,1.7645711767968372e-17,0.40935812587244863,1.5058509081015208,1.4167048948721876,1.6006064252603236,1.7557982014374456e-39,0.4518075353354075,1.5711495287089456,1.4875388929850382,1.6594596976276643,5.61720930974408e-59,0.38375516984193897,1.4677860393995,1.400958272826581,1.5378015885579157,1.315364364759571e-58,0.2317363952369599,1.260787335473207,1.2065000663536958,1.317517296201813,5.744604181534806e-25,0.04762345892881032,1.0487756738500944,1.0065187586885742,1.0928066710777,0.023230353392482066,0.012490393372004556,1.012568724122858,0.9773602821550952,1.0490455155503147,0.4891038516654267,0.21098192256493853,1.2348900312152686,1.1887046904189065,1.2828698342709868,2.0289596834344177e-27,0.20896798293078472,1.2324055398851113,1.18153174427167,1.2854698336317314,2.589622692139769e-22,0.14260221261642797,1.1532709537748582,1.1088475504364597,1.199474077655895,1.1168518189690795e-12,0.14818761644037082,1.1597304604538157,1.1188706416435716,1.202082431020543,5.606262766229525e-16
others,4.429119969102506,83.85758716111235,82.54819672719643,85.187747319582,0.0,4.577178370434258,97.23963252940563,95.57262558781093,98.93571591549718,0.0,4.431011757833407,84.01637815164996,82.63249556132394,85.42343722975839,0.0,4.426877927676093,83.66978558490426,82.28391950014385,85.07899310522775,0.0,4.285503459352851,72.6391083538173,71.53274906870807,73.76257911421139,0.0,4.007614622959092,55.01548125336633,54.2563983999463,55.785184177328254,0.0,3.7860973339011172,44.08401891520625,43.49251679087459,44.68356552141444,0.0,3.7615622935749444,43.01557646945551,42.397701757656485,43.642455658942104,0.0,3.7935946325042735,44.415772040791985,43.73076510780743,45.11150905126502,0.0,3.83067395999432,46.09359300588256,45.35131320342702,46.84802194507119,0.0,3.756357848865552,42.79228583596416,42.15482951537092,43.43938163476987,0.0,3.7273702769332573,41.56964764040168,41.01840927414519,42.128293991068354,0.0
