variable,coef_2006,odds_ratio_2006,OR_lower_CI_2006,OR_upper_CI_2006,pvalue_2006,coef_2007,odds_ratio_2007,OR_lower_CI_2007,OR_upper_CI_2007,pvalue_2007,coef_2008,odds_ratio_2008,OR_lower_CI_2008,OR_upper_CI_2008,pvalue_2008,coef_2009,odds_ratio_2009,OR_lower_CI_2009,OR_upper_CI_2009,pvalue_2009,coef_2010,odds_ratio_2010,OR_lower_CI_2010,OR_upper_CI_2010,pvalue_2010,coef_2011,odds_ratio_2011,OR_lower_CI_2011,OR_upper_CI_2011,pvalue_2011,coef_2012,odds_ratio_2012,OR_lower_CI_2012,OR_upper_CI_2012,pvalue_2012,coef_2013,odds_ratio_2013,OR_lower_CI_2013,OR_upper_CI_2013,pvalue_2013,coef_2014,odds_ratio_2014,OR_lower_CI_2014,OR_upper_CI_2014,pvalue_2014,coef_2015,odds_ratio_2015,OR_lower_CI_2015,OR_upper_CI_2015,pvalue_2015,coef_2016,odds_ratio_2016,OR_lower_CI_2016,OR_upper_CI_2016,pvalue_2016
subject_race_black,0.06683081951411855,1.0691145895478962,1.0218327927329558,1.118584188834971,0.0037818200979448215,0.09694450527735979,1.101799227881837,1.0486453004934528,1.1576474313953131,0.00012164767886213936,0.1693753386984194,1.1845646684550344,1.1201906192102171,1.2526381043445067,2.8305849568602248e-09,0.016402346923930018,1.0165376039150207,0.9552385482050701,1.0817703097461815,0.605241412770829,-0.016542413653727286,0.9835936607050242,0.9274001130818434,1.0431921192721827,0.5815354110678115,0.007025810000353312,1.007050548906448,0.9532716472451866,1.0638633919130223,0.8018823222854973,0.07094354226924206,1.0735206156195352,1.01419083547,1.136321165460024,0.01445519127913122,0.013899958289058158,1.0139970118681505,0.9504885764110712,1.0817488664196868,0.6736024598474191,-0.11303785815997755,0.8931168477154825,0.8309009824874442,0.9599912871511063,0.002152998940689918,0.04186781407602458,1.0427566318913886,0.963455298662211,1.1285852025135799,0.2995248673016043,-0.04789996826619506,0.9532291354716272,0.889743027168089,1.0212451876178918,0.17315393252982791
subject_race_hispanic,-0.714991620511458,0.4891962109932017,0.469867465793071,0.5093200748559558,9.148913925178726e-265,-0.6167378134956116,0.5397021781590781,0.517529701872428,0.5628245877595136,1.411996398266211e-182,-0.5683624133792989,0.5664522942876445,0.5379868549894022,0.5964238693342367,1.5828363554402651e-103,-0.6108552599238853,0.5428863615172356,0.5156533322633108,0.5715576397573348,1.0428959997325271e-119,-0.6730204178944476,0.5101653358325002,0.4856783873404413,0.5358868680780924,2.0299401898975634e-158,-0.6997809317519899,0.496694101780556,0.47424727918550336,0.5202033655676364,2.6795244254949906e-193,-0.5418982620658663,0.5816430927457187,0.5545676460320913,0.6100404337674392,5.634000128163289e-110,-0.5505388058342155,0.5766390301892128,0.5473333744554612,0.6075137871290431,4.4721731600714474e-95,-0.6137272729736767,0.5413294216484109,0.511236703269483,0.5731934754843631,3.402675551954761e-98,-0.606286301227846,0.545372462000004,0.5128390610854254,0.579969711508386,3.662675363099787e-83,-0.5977977454754523,0.5500215908278667,0.5206271567475846,0.5810756247651708,5.649512202718826e-101
subject_race_asian/pacific islander,-0.6661803748213825,0.5136668503070266,0.38349625744261834,0.6880214030349986,7.90317509681504e-06,-0.1859601796090028,0.8303066574593956,0.6319735899436423,1.0908828412954308,0.18176803176427458,0.3027088982937803,1.353520394991541,1.0338258319299976,1.7720755305929587,0.027668983435819514,-0.060341558536055315,0.9414429207967719,0.7112460188621512,1.2461437387534067,0.6731800386521496,-0.12385627450966015,0.8835068142079713,0.6806231480602314,1.146867092276505,0.35212123699595566,0.047317854871475704,1.0484552127185371,0.8425591311812615,1.3046660968892723,0.6714241398301619,0.11074450200434291,1.1171094511636308,0.8856930283554287,1.4089910227658613,0.34975658774961205,-0.05879611463534897,0.942898992865623,0.7477702096185942,1.1889461485774846,0.6191825505321455,-0.23520836249280233,0.7904061414758666,0.5901074075535586,1.0586917915041858,0.11469026756731672,-0.15637623343699283,0.8552373609415669,0.6243368096979031,1.171532628204658,0.3300807788738045,0.00712117667071328,1.0071465925437897,0.7545083052681011,1.3443778574606107,0.9614558555592825
county_type_Non core,0.10771117062649042,1.1137260221379066,1.0709319416346155,1.1582301397172485,7.126842439585925e-08,0.054248807044607765,1.0557472468321392,1.0119908523841232,1.1013955774084117,0.01200927478347936,-0.020132665988077003,0.9800686429067458,0.9341992375547984,1.028190247000418,0.4103829699178666,-0.05457216702789981,0.9468901721425548,0.8940074663205717,1.0029010180309337,0.06272034370311755,-0.0912667203253365,0.9127742229914072,0.8632384296668323,0.9651525621711777,0.0013465857704206545,0.00481623791943983,1.0048278546354232,0.9544802383702728,1.057831243499817,0.8543002121493576,-0.024390413451188413,0.9759046290789688,0.924882113488601,1.0297418786329438,0.3733399582239977,-0.007983627547400321,0.9920481569655251,0.9355708221824244,1.051934842776442,0.7895023952649711,-0.03744071934291621,0.9632515182112643,0.9021942840533906,1.0284408843377204,0.2624559540695446,0.03686764401860095,1.0375556850488001,0.9676788586814652,1.1124783701939365,0.3000242537304202,0.014814737366636006,1.0149250195156092,0.9541412609587088,1.0795810194852655,0.6382398182214459
county_type_Micropolitan,0.022079143474916754,1.0223246915973467,0.9793841927801094,1.0671478902296985,0.3132238314748852,-0.0024381234718363746,0.9975648463371183,0.9529575814072827,1.0442601455334761,0.916805571270474,-0.020196146096471558,0.9800064300177213,0.9311811864683903,1.0313917600918807,0.43860399153511154,-0.02104123661977929,0.9791785857218863,0.9221143294362556,1.0397742146816873,0.4921953325059514,-0.007090374139146511,0.9929347032591875,0.9391666447921238,1.0497810270451369,0.8028806666566757,-0.024812434184449103,0.9754928639846272,0.9246013354287104,1.02918554324141,0.3640689003864436,-0.07313452747293642,0.9294757815867036,0.8793515402830404,0.982457173246252,0.009718060826479642,-0.07224594077051276,0.9303020684658442,0.8748257904521254,0.9892963239510146,0.02127840280994728,-0.14461426863460783,0.8653560237019979,0.8093775700716656,0.925206078655018,2.2521316289444844e-05,-0.258880284898248,0.7719154274464326,0.714882165942288,0.8334987995460942,3.832899959566383e-11,-0.23960864011916438,0.7869357759013488,0.7351683356885365,0.8423484599802171,5.147233188422211e-12
subject_sex_female,-0.05041438814522376,0.9508353279639188,0.9102955229623582,0.9931805640020028,0.02334318347452564,-0.043603032082124744,0.9573339129031156,0.9146912522841801,1.0019645629120457,0.06071804975369311,-0.05564316146410251,0.9458766008979599,0.8976046087246522,0.9967445971533887,0.03734537284954877,0.04437673471462641,1.0453761101836896,0.9846702641663683,1.1098245285877162,0.145988104044441,-0.04457244153213755,0.9564063140453218,0.9037999953842463,1.0120746207316287,0.12254991473515753,0.003186545843835453,1.0031916282780788,0.9522741659502486,1.0568316132392088,0.9045614074798132,0.0537396720189039,1.0552098657418625,1.0005210306552064,1.1128880119889015,0.0477993761434164,0.04253328362975784,1.0434507856253366,0.9839236280026649,1.1065793228610046,0.15584322027165337,0.052675527060845766,1.0540875667338634,0.9887786496144131,1.1237101435960466,0.10649286466433726,0.02089134574514759,1.0211110975443956,0.9528516707488255,1.0942604242997336,0.5539729549734325,0.08912386617538624,1.0932160604324392,1.0292608551960005,1.1611452517154532,0.003759557261187017
const,-2.32611008257408,0.09767495658024133,0.09129302077489433,0.10450302840209719,0.0,-2.3656538161520673,0.09388789487456219,0.08717829043929212,0.10111389842079148,0.0,-2.719634210291512,0.06589885514124932,0.06044149492501345,0.07184896922743339,0.0,-2.4656003570369576,0.08495782203172057,0.07756180724364431,0.09305909417118387,0.0,-2.5744659874712057,0.07619450075440272,0.06967832389020698,0.08332005738772702,0.0,-2.368670814925,0.09360506207856689,0.0859506265823467,0.1019411724513473,0.0,-2.3694887179794377,0.09352853351312199,0.08523942545353334,0.1026237158987394,0.0,-2.126492491165695,0.11925484857078902,0.10776731951820177,0.1319668984180291,0.0,-2.060558605807783,0.1273827932487073,0.11373676756748924,0.14266605569051788,3.107611384357467e-278,-1.9093696354037852,0.14817376065532487,0.13179801330946753,0.16658417524996458,4.753807155448473e-224,-1.7531884841969934,0.17322075037026774,0.1561987053560129,0.1920978044629071,5.571344292107188e-242
Speeding Over Limit,-0.05687036932154976,0.944716525673471,0.9062191199460149,0.9848493529177813,0.007380342842117309,-0.03435836648622496,0.9662251798630073,0.924825842016061,1.0094777370906203,0.12410514284197927,0.04316044374762155,1.0441054015960922,0.993623046298989,1.0971525808531826,0.08783059812088019,0.03611013009411325,1.036770019783703,0.9791793240017221,1.0977479278559703,0.21557273732493998,0.07033324571056947,1.0728656495642523,1.0153824034916838,1.1336031607961112,0.012304735979156264,-0.029888883799637885,0.9705533717600296,0.921621422375927,1.022083281230993,0.25746649432780044,-0.0566246638363353,0.9449486762249657,0.8954075191806747,0.9972308491628165,0.039313659851186115,-0.03608167167792988,0.9645615129088702,0.9085659049385585,1.0240081728005908,0.23702082788379542,0.01023828210714701,1.0102908726430802,0.9447608875658917,1.0803661125045558,0.7647669121798641,0.01907258304982376,1.019255626614531,0.9482040931922361,1.0956312463151963,0.604922959143881,0.053493530549912044,1.054950166798065,0.989945356504808,1.12422352114125,0.09924257570040633
Speeding-10% or More Above Posted Speed,-0.13654970527640636,0.8723629581400069,0.8228423170251753,0.9248638712288052,4.660123212687795e-06,-0.12735625208932877,0.8804199652689154,0.8264562679123153,0.9379072376112203,7.935659808729077e-05,-0.13239268358522813,0.8759969379127651,0.8092650743788458,0.9482314998228966,0.00105724557292012,0.01988131308765669,1.0200802626650307,0.9350148684916513,1.11288470092179,0.6545060408366458,-0.03969356365917876,0.9610839050675812,0.8758581589399982,1.0546025782277717,0.4021315794141763,-0.11154055494858697,0.8944551160864548,0.8170865654650445,0.9791495644502307,0.01567267216243641,-0.14559671955590528,0.8645062713675926,0.7890621354122611,0.9471638033212921,0.0017774104854273024,-0.1367183179854818,0.8722158790583875,0.7912365742606835,0.961483031029545,0.005958947543029465,-0.14740856155628018,0.8629413407271814,0.7799576902588445,0.9547540422210499,0.004269647193286649,-0.006600192951515392,0.993421540480747,0.8917817250385349,1.106645639154016,0.9045998580296242,0.03624902882049333,1.0369140358205906,0.9471993143535509,1.1351261570702746,0.43239915742757806
No/Improper License Plate Lamp,0.004016433685821746,1.0040245103651269,0.9330188900412307,1.0804338777850313,0.9145292329033228,0.001902625471606795,1.0019044366119079,0.9242129417917089,1.086126859635401,0.9631505878353509,0.0935369019673592,1.0980511228403642,1.0036223497744001,1.2013645059239784,0.041472405949032655,0.12269664375536322,1.130541412125997,1.0234711360696696,1.2488128287037876,0.01565012661557492,0.10048613714319136,1.1057083133218104,1.0034451908310011,1.2183932768031673,0.04241515627186292,0.11493071647558874,1.12179571291879,1.0222654949159904,1.2310164314275263,0.01532901348666755,0.016587308710115455,1.0167256419153516,0.9148333391109202,1.1299665050825696,0.7581866898254501,0.044983952979412774,1.046011074412793,0.929867629341703,1.1766612077557732,0.45379635885108915,0.01290006376241504,1.0129836285286091,0.8795402177865645,1.166673008142075,0.8579442213289787,0.10154739553291879,1.1068823784289443,0.9475808457549397,1.292964716588806,0.20025218228462116,-0.09447973084531607,0.9098461762520164,0.7861144513644267,1.053052851278337,0.2052152674094473
"Ride, Not Secured By Safety Belt-Driver (12-1-85)",-0.1482559083729486,0.8622104398361483,0.7779268521757216,0.9556256356022023,0.004731314606832229,-0.13797716823225523,0.8711185806958601,0.7808385109141218,0.9718367767814021,0.013446478017989644,-0.10429642739763538,0.9009581891426689,0.7927230045318672,1.0239713669752675,0.11022180707505792,-0.18953748665725037,0.8273417020413248,0.7025804567431594,0.9742575179355797,0.02304575889933991,0.0032256747218098827,1.0032308828088747,0.8562830126394432,1.1753966730217866,0.968158535635779,-0.3257359232799522,0.7219958245484307,0.6142587900022677,0.8486292408830548,7.795202855632835e-05,-0.07931482940104333,0.9237490552986157,0.7894836091312305,1.080848680448342,0.3222878905535782,0.07203944089160445,1.0746977302646203,0.902901311692934,1.2791821171135034,0.41758480821161337,-0.03881147720208779,0.9619320381727396,0.7994292327208796,1.1574673632009074,0.6810119923715763,-0.24949471911607013,0.7791943956535627,0.6448313498382044,0.9415545729441664,0.00977778592931624,-0.26127866867280664,0.7700662963592996,0.6453405866180825,0.9188978859925198,0.0037538228010133103
Operate Motor Vehicle Without License Plates (Or With One Plate),-0.25676895376384185,0.7735469182241053,0.7044918778129335,0.849370806873801,7.370808787510885e-08,-0.2211980593575555,0.8015579085231916,0.7236574018887755,0.8878442741539501,2.2306955501820995e-05,-0.01635216244597501,0.9837808083888827,0.8805425149033838,1.099123168471288,0.7725144790616016,-0.09516040010129853,0.9092270826550601,0.7995903339164424,1.0338968003580462,0.1466408236678401,-0.02792325511081782,0.9724629955023482,0.8557401479390992,1.1051068246580642,0.6686383469470855,-0.22806453808261223,0.7960728811601613,0.7041714762251741,0.8999683365703254,0.0002684927421459666,-0.2656396305443212,0.7667153785254336,0.6726217574091335,0.87397183512431,6.995717016228039e-05,-0.0003940278426772109,0.9996060497760982,0.8672033308872832,1.152223727884701,0.9956633317758213,-0.13420669061619192,0.8744093137243646,0.7571786230306959,1.0097903251250635,0.0676530680425146,-0.0255708666818046,0.9747532989861583,0.8460889168592582,1.1229836190401838,0.7233084242398309,-0.08113760422997994,0.9220668024222378,0.8126696143309984,1.046190448290691,0.20796209472370963
No/Non-Compliant Head Lamps,-0.21322657102550444,0.8079730531932622,0.7035153271170146,0.9279406283324081,0.0025379850548476364,-0.09357036177111108,0.9106739385406533,0.7894716870607593,1.050483552392828,0.1991114696746834,0.01773636374126713,1.0178945870920477,0.8657626895556086,1.196759115321913,0.8299683454837454,0.17594224014372742,1.192369185588856,0.9955650171007904,1.4280777752538238,0.05591862572167829,0.2562345418250295,1.292055733514353,1.0894642230664815,1.5323201837766471,0.003232906603310469,-0.11895541252913952,0.8878473867489092,0.7509082653119027,1.0497593628556539,0.16398471038836393,-0.03282328285628181,0.9677095553482159,0.8156008772810377,1.1481863367216048,0.706769678980893,-0.22563124855401614,0.7980123156117261,0.6498447699401319,0.9799627316022836,0.03130974507137285,-0.04109579321796805,0.9597371892304606,0.7924821922894969,1.1622916973451753,0.674025027980811,-0.025341674341575346,0.9749767305793259,0.8028814773922077,1.1839600886779373,0.7981420699398549,-0.09633235978649884,0.9081621293325682,0.7606948924835504,1.0842171563176355,0.28662062279214406
Improperly Placed Or Obstructed License Plate,-0.04592259137664703,0.955115893535677,0.854840361175699,1.067154069363083,0.4170956188134929,0.08495381401594752,1.0886667843904965,0.9717690822006831,1.2196265441488754,0.142691039579129,-0.1282225197207738,0.8796576161977606,0.760473081867388,1.0175212511593699,0.08432313012670375,0.005058405268778325,1.0050712205999779,0.8555721984511024,1.180693061680945,0.9509108944220835,-0.12639254121461513,0.8812688445351513,0.7653339208314063,1.0147659148631982,0.07903981902039865,-0.1728496041350423,0.8412641279770438,0.7451964403786955,0.9497164702790616,0.005208083556555641,-0.28422836854448735,0.7525947561109272,0.6627038824333127,0.8546786610725225,1.1890530511020337e-05,-0.08473196873418973,0.9187585074079657,0.798360442617103,1.0573134011592746,0.23708090876303944,-0.07714495144073301,0.925755654264684,0.7976856076316807,1.0743876073526335,0.3098750385096779,-0.13480110834759038,0.8738897037717711,0.75360750661531,1.0133699673298866,0.0743949620805796,-0.13273974585414347,0.8756929651797146,0.7750899545196774,0.9893537708670858,0.033018009779998046
Display Expired License Plates/Registration,-0.5526248662431731,0.5754373801311444,0.5269927394090221,0.6283353710404577,7.417405862305711e-35,-0.42941558874653374,0.6508893706667022,0.589334531480837,0.718873492415863,2.415845453140513e-17,-0.3640553385658772,0.6948527415247356,0.6225812346809749,0.7755137892195698,8.195243794638716e-11,-0.31902555845124003,0.7268569717304618,0.6420540591125231,0.822860707528969,4.649393606362332e-07,-0.4740235739296,0.6224925777985109,0.5545358580670116,0.6987771913703894,9.212926892042426e-16,-0.5914164745460955,0.5535426500841704,0.49632176312004217,0.6173605274449692,2.3219783333474962e-26,-0.4418421369795285,0.6428511098637087,0.5750498749125345,0.7186464469988084,7.860456452886485e-15,-0.5318646638660897,0.5875084419055695,0.5208825705148722,0.6626564005954865,4.6949686207727195e-18,-0.5675442860498173,0.5669159140145736,0.49910530882553883,0.643939561210562,2.508516653351251e-18,-0.4061955622893373,0.6661798750236914,0.5912832513553025,0.750563498745044,2.4669740431671562e-11,-0.3538357916595018,0.70199023054235,0.6404462655580297,0.7694482898538361,4.084002473406399e-14
No/Improper Mud Flap,-0.7036152082415883,0.4947932857195082,0.3916983970244468,0.6250227150606058,3.584654399764255e-09,-0.5800852369593763,0.5598506445649443,0.4454088757790407,0.7036966734701351,6.632203374566243e-07,-0.8728902164332621,0.4177424367353675,0.30912371652750564,0.5645271912809536,1.3351777373442853e-08,-0.7526170177978522,0.47113197722304456,0.33493983431384494,0.662702125045269,1.536164895723286e-05,-0.8502187741355111,0.4273214348442321,0.3090562915764753,0.5908425541052233,2.7039028247902714e-07,-0.8563859871353875,0.42469416233796026,0.3025566924639686,0.5961366448551502,7.428365063848262e-07,-0.7277842256342019,0.4829779755550246,0.34198046798509213,0.6821083269626927,3.596546304444483e-05,-0.24925304590884215,0.7793827288188379,0.5292233136540462,1.1477903983235715,0.2069327906162861,-0.47097955851880197,0.6243903417443911,0.39815712621207433,0.9791694614955121,0.0402023638096714,-0.27872436529127204,0.7567484606124194,0.4726284182996593,1.2116669469421946,0.24583015707028455,0.008931634359818145,1.0089716404237947,0.6434962562416331,1.5820197263078015,0.9689530969778241
No/Improper Tail Lamp - not Motorcycle,-0.11208024838890716,0.893972514767739,0.7746981549685107,1.0316106370391962,0.12502610436326228,-0.19248581321998587,0.8249060208808421,0.7035913050166107,0.9671380792140396,0.017708073238928135,0.03281324595416002,1.0333575375190092,0.8600866387548706,1.2415351573106899,0.7260304442818573,-0.05485776067698843,0.9466197849352789,0.7641447399412999,1.172669221409218,0.6155991768885516,-0.10846610018953204,0.8972093095269846,0.7287890472263913,1.104550827383425,0.3065285469206859,-0.19178408916051423,0.8254850804287439,0.6914595868474649,0.985488712532337,0.033864940084752534,-0.20545718950328537,0.8142749533362024,0.6789373117765327,0.9765904570714042,0.02673375109115125,-0.13264276620040938,0.8757778936983578,0.7088761522561099,1.0819759088377785,0.21884932288415304,-0.11483485533670452,0.8915133604242164,0.7025913229088449,1.1312352514179806,0.3446050191269585,-0.03470364040153626,0.965891625099277,0.7600596826044421,1.227464964646014,0.7765512226590572,-0.08783046658295364,0.9159161419549047,0.727755813219597,1.1527250814833714,0.4541060329437884
Following Too Closely,0.08626106156011572,1.0900908719855125,0.9746165791316703,1.2192467629114654,0.13106495289712614,-0.013791993276173978,0.9863026805165374,0.8755618353673391,1.1110500004673851,0.8204454459004604,-0.03313762145066122,0.9674054146908978,0.8415978395564858,1.1120195328287257,0.6410738227698571,0.06771318327229787,1.0700583538255195,0.9328573189491774,1.2274383845555294,0.333444457086145,0.12283968778208287,1.1307031408888517,1.0064522521078247,1.270293339935758,0.03861637371235232,-0.0886848894311921,0.9151338965079284,0.8240767433576528,1.0162524974622642,0.09722191880124545,-0.056791609219325696,0.9447909345737936,0.8455237403746662,1.055712415191657,0.31599534608616864,0.01534843769555436,1.015466829901682,0.8816641323700923,1.1695756295070885,0.8313983140784252,-0.10757188891644451,0.8980119630233008,0.7677146656065704,1.0504234474872332,0.17865045039242133,-0.11002636121279985,0.8958105203335153,0.7462305801544157,1.0753733627133704,0.23785121256380226,-0.1875054664054536,0.8290245863834939,0.695566509963228,0.9880892121511962,0.036281083544975896
Drive On Improved Shoulder When Prohibited,-0.1704266257745174,0.8433049642071804,0.7605768084968683,0.9350314849356888,0.0012159616787833284,-0.09923810120532753,0.90552707526528,0.8113034225053272,1.0106937321999379,0.07669038393952389,-0.2309437027496615,0.7937841526425204,0.7002212958887901,0.8998487830716823,0.00030720915839630526,-0.09786044468387166,0.9067754402575172,0.7929686786079951,1.0369157335414634,0.15266553809501565,-0.05932433474203479,0.942401066178039,0.827341625228057,1.073461968372127,0.3718854192471137,-0.10077570037775771,0.9041358074639532,0.8032077485253166,1.0177461059599437,0.09517836638513906,-0.16517081327319263,0.847748884957868,0.751593152335889,0.9562063860131199,0.007166286442864867,-0.12281798500834337,0.8844246264524604,0.773894489556897,1.0107410382563087,0.07137036431707636,0.036601231344330305,1.0372793038813992,0.8834144869220553,1.2179428458428851,0.6550285191272263,-0.07747774263491439,0.9254476221930045,0.7627363207207757,1.122869434896386,0.4322657666984935,-0.12631430225547086,0.8813377967896151,0.7347287366530539,1.0572014858005545,0.17359764773838637
Fail To Signal Lane Change,-0.056668717157296544,0.9449070490145552,0.8382190057404089,1.0651742863891887,0.3538944024654692,-0.1429656857327749,0.8667838114365213,0.7636145452816737,0.9838919130217542,0.02702741923759222,0.0128586518707223,1.0129416798288915,0.8764351215945957,1.1707094129999815,0.8617798038987183,-0.0610303790379377,0.9407946589052478,0.8043954076490719,1.1003227788326406,0.44506127633924586,-0.021797554518640586,0.9784382954140164,0.8433400292414555,1.135178533851606,0.7737113760550942,-0.18483642192232272,0.8312402454130897,0.7247488387423459,0.9533790309942888,0.008229176772210432,-0.22990286029106347,0.7946107870150013,0.6890214341308893,0.9163812206176668,0.0015758541283654017,-0.221712216891651,0.8011458874164654,0.6819655912713427,0.9411541302659955,0.006976047129388686,-0.17974410079020767,0.8354839837492548,0.6996972516730471,0.9976221650613265,0.04700316710775553,-0.09741977567131639,0.9071751161513079,0.7396400877906132,1.1126583117235187,0.3496908378345238,-0.10600337928100777,0.8994216086724284,0.7414996964002787,1.0909771562606332,0.2818999364725103
Disregard Stop Sign,-0.2015376514255865,0.817472797964433,0.7012973733474576,0.9528935952262702,0.009968169827123237,-0.3751634388069203,0.6871769582302567,0.5785798094867151,0.8161573635649492,1.914305962256774e-05,-0.30816712165442955,0.7347925080076486,0.6015469984018458,0.8975525291599785,0.0025384322945915575,-0.3502099473881517,0.7045401578243162,0.5444375729507533,0.9117240591916527,0.0077537933427838076,-0.24155235386922383,0.7854076835814398,0.6099146883364163,1.0113959234385792,0.061187251000623756,-0.39217635001392076,0.6755849640370769,0.5282872531343679,0.8639524064323602,0.0017757682712607828,-0.20959273634801426,0.8109144347028138,0.6454894441947373,1.0187342741595606,0.07177930068216898,-0.417146136689894,0.6589246198449694,0.4949868026447946,0.8771580420284633,0.004264126282581176,-0.07235414610764805,0.9302014102628638,0.692638542703724,1.2492441732702444,0.6305934840559002,-0.14473222307093803,0.8652539571397174,0.6283477885016404,1.1914809346766493,0.37525947985695807,-0.3004094515251828,0.7405149536221934,0.5498133125310879,0.9973610751869045,0.048001303213878986
Fail To Drive In Single Lane,-0.34686863985962757,0.7068981804032873,0.6420470676573383,0.7782996958163385,1.6037280106720612e-12,-0.4375718691682072,0.6456021258727481,0.5800186553758783,0.7186012054410649,1.1852466314603751e-15,-0.36296656730070853,0.6956096892199061,0.6103466064357606,0.7927836980405039,5.31487514495275e-08,-0.4186387307003379,0.6579418465272934,0.5552598224420535,0.7796124551347677,1.3270405785914678e-06,-0.44095461617874415,0.6434219068551538,0.5384567863306452,0.7688486072249187,1.2171861541484903e-06,-0.5685620272940992,0.5663392338122316,0.4829480067380378,0.6641297267616686,2.6327351677765827e-12,-0.5602005661015808,0.5710945101618684,0.48989907785482023,0.6657472003523088,8.087324637278526e-13,-0.380721994043247,0.6833678435456739,0.5755377856329691,0.811400434949155,1.3912245280484703e-05,-0.3840387024484164,0.6811050662357417,0.5646485691926301,0.8215802475428448,5.966504593921607e-05,-0.5190053353909727,0.5951121907128696,0.4835426060737723,0.732424640737942,9.597713067720765e-07,-0.5247791979775697,0.5916859954089152,0.49441552296415864,0.7080932958256204,1.0228791993739404e-08
"Ride, Not Secured By Safety Belt-Passenger (When Required)",0.8067802278193701,2.2406818745364934,1.7246812099753868,2.9110627713906756,1.5279631010321455e-09,0.8911403021163369,2.437908018572785,1.8115705991521611,3.280797066260111,4.0561937274722735e-09,0.7380585219331127,2.091870249251962,1.471851783604023,2.9730718734398964,3.872149652107083e-05,0.7138744474625447,2.0418871371235077,1.3767763569081046,3.028308163363327,0.0003852016943828446,0.8380631678149337,2.311884904580025,1.6358712506995767,3.267257010439724,2.0456153482168753e-06,1.239846243743151,3.455082183416179,2.6515692099431156,4.502086104105881,4.287183559037298e-20,0.9897545234624651,2.690573918507847,1.997356577367382,3.6243843953473207,7.454968634194126e-11,1.1207898622388157,3.0672759722016565,2.221648756991343,4.23477467355668,9.716094369215461e-12,0.8788165996478206,2.408048334345687,1.698565400167287,3.413879018125496,8.018245473711906e-07,0.7238956112813573,2.0624520929191266,1.4474000730133278,2.9388616975337927,6.162465880964439e-05,1.1430945722470716,3.1364593628045006,2.26940003171944,4.334792102329618,4.394240024642177e-12
Fail to Move Over or Slow Down for Certain Vehicles,-0.010382068994092837,0.9896716386579953,0.791345327349492,1.2377023260433493,0.9275019939716966,-0.26256285072180297,0.769078025740487,0.581285014016444,1.0175404412888458,0.06602906062240128,0.09592702558909183,1.1006787396805775,0.8167794660900779,1.4832567887440204,0.5285274448843352,0.169227024305105,1.1843889934927756,0.8121186183694797,1.7273059084930684,0.379400379583249,-0.07719189599004597,0.9257121961027905,0.6774456883576857,1.2649620253557396,0.6279947882880779,-0.05616230089193564,0.9453856864981046,0.7051585015064917,1.2674513521798116,0.7073124600954266,-0.1695767230837728,0.8440219960258529,0.6142923146720493,1.1596647276236522,0.2954999160220374,0.07765332987261787,1.0807479306975363,0.7644303610757224,1.5279561738800507,0.6602811019206782,0.20926195287329263,1.2327678833272488,0.7887421999429897,1.9267596614876075,0.35839903202888657,-0.24642782772752872,0.781587768466858,0.49331277129705364,1.2383207477293452,0.2939215636788506,0.030093318140295654,1.030550698541165,0.6536223166047772,1.6248446775507803,0.8969307095721853
Inoperable/Obscured Stop Lamp(s),-0.1049703121819728,0.9003512516536195,0.7719970556839263,1.0500459430328852,0.18100673578122461,-0.15296534610998724,0.8581594598596567,0.7303270175023212,1.008366993001566,0.06306716716316907,-0.2624508015638624,0.7691642051137347,0.6370773959673122,0.928636894313228,0.006330809277267703,-0.1474940529755851,0.8628675698006213,0.702675084577359,1.0595799671215778,0.1592366067487434,-0.02975125778966797,0.9706869543400558,0.8097777492387126,1.163570083534383,0.7476585069445583,-0.10950491435641078,0.8962777597229317,0.7658316163017083,1.048943142949954,0.17239794454602586,-0.15684803837675546,0.8548339509029128,0.7378839926617717,0.9903197398012098,0.03665786614965112,-0.08232983665823476,0.9209681395402689,0.7819238018820236,1.084737812056318,0.32417292452350643,-0.16374271833733547,0.8489604157319313,0.7222360651698021,0.9979199630667636,0.0471212776828462,-0.2623828460640234,0.7692164758277726,0.6494345793123657,0.911090979035018,0.002380714394383957,-0.21671992884655594,0.8051554385421873,0.6843537138576006,0.9472810143161642,0.008976289563484542
Use Of Vision Reducing Matter On Windows - Glass Coating Material,-0.4585854779442977,0.6321772420038788,0.5203144467216685,0.7680895040022102,3.921029430888369e-06,-0.4229715661285342,0.6550972597982734,0.5407176835802414,0.7936718787402504,1.5580923637052888e-05,-0.28707789446035076,0.7504532704077868,0.5951342586971635,0.9463076655990648,0.015248806131856427,-0.1860975818325771,0.8301925793158869,0.6465143009094083,1.0660548696010064,0.14467129927456152,-0.1696453906442426,0.843964041084238,0.6780165883103134,1.0505278409460455,0.12884088901250884,-0.10150985694760221,0.903472273819467,0.7315731369901279,1.1157628790455887,0.34583315495407563,-0.07085182446532473,0.9315999222175764,0.7377738640008364,1.176347465562714,0.5516323027680304,-0.13371786576222466,0.8748368512164163,0.6677958207202034,1.1460681431352056,0.33180861959947827,-0.23313275443439507,0.7920484186047522,0.616122780429811,1.0182072751418993,0.06888581290128484,-0.5053481374286463,0.6032955091159321,0.464788250725564,0.7830780376898048,0.00014620708563890922,-0.4480907441140586,0.6388467098228447,0.5129568234703354,0.79563249766396,6.291664689883279e-05
Unsafe Speed,-1.1766628724366601,0.3083058798468037,0.25797903529363775,0.3684505426571611,2.651659504375821e-38,-1.3341101444903232,0.26339245242924325,0.22174973708680076,0.31285531567297903,3.880210986838372e-52,-1.4743462340549494,0.2289283436877205,0.1866819494440196,0.2807351578429855,1.5120901643829028e-45,-1.3424291462181475,0.2612103790826865,0.19754699431919806,0.3453905354301307,4.5666977771534434e-21,-1.5618498711507116,0.20974770586858812,0.15416558080928053,0.2853691458637658,2.7111290331307447e-23,-1.5501454120192537,0.21221711266413276,0.15659831298813234,0.28758996216590305,1.5769857827140612e-23,-1.5301663212304402,0.21649965583220504,0.16170263374040966,0.2898660330462499,8.96762456044047e-25,-1.4721061744330923,0.22944173162182874,0.17269516642955843,0.30483486769212115,3.145237112937708e-24,-1.3950827622477608,0.2478125259968235,0.18431225019004147,0.33319026802399926,2.552749363622376e-20,-1.6020752564921048,0.2014779653871763,0.1446315843352446,0.2806673986400092,2.7347876097386967e-21,-1.59096704689094,0.20372850142821824,0.14855185753261438,0.2793994163625661,5.483686179268808e-23
Fail To Control Speed,-1.5051779325467358,0.22197779324376285,0.15643279427752785,0.31498600354829265,3.455909194741557e-17,-1.2542440807939808,0.2852914240019687,0.20891592151827068,0.3895882899568908,3.0286792231202075e-15,-1.4097189777770494,0.244211902482914,0.16530302172518022,0.36078864555468415,1.4419223854814137e-12,-1.4900053937385567,0.22537143994153525,0.1319808962829729,0.3848457418596408,4.824356657060192e-08,-1.3257042336815479,0.26561583758884605,0.16196335836290449,0.435603298740829,1.5001382854429262e-07,-1.8352516253061277,0.15957334402443765,0.08976457323092704,0.2836715110050611,4.0446966605327493e-10,-2.069078486447885,0.12630211720710252,0.06982479220571418,0.22846075594466567,7.795686380241902e-12,-1.2189639585437277,0.2955361961181818,0.18526358288470066,0.4714452881458185,3.124607061236906e-07,-1.020820876291356,0.36029905779393706,0.239232772664863,0.5426322221707263,1.0294608911995342e-06,-0.8834749190836636,0.4133440759928337,0.2735295951531439,0.624624640937709,2.7407798285710735e-05,-1.1887112624564626,0.3046135781719096,0.19978098005939415,0.4644557854261608,3.327813328263018e-08
Drive in Left Lane When Not Passing or Where Prohibited,0.04981699814741968,1.0510787294201145,0.8880606648504563,1.2440214268756493,0.5623515115744829,-0.19977088538700924,0.818918357748282,0.6672891453419886,1.005002526024073,0.05585062729004366,0.13107950353201522,1.1400584163798444,0.9335167324094317,1.3922976928371413,0.1986689146920655,0.19375619228439134,1.2138003129963026,1.009467143955779,1.4594939604041857,0.03938403104176402,0.16894830527764051,1.1840589277443085,1.014563737258615,1.3818703477016046,0.03208120941084652,-0.10381135800832852,0.9013953223926755,0.7843235210423409,1.0359418090019674,0.14360402138173808,0.1390310489860234,1.1491597796956314,0.9979114280777225,1.3233320734826375,0.05349212873394298,-0.14361546215273174,0.8662207786971582,0.7505316954960942,0.9997425051459614,0.04958986183217836,-0.10211747045288172,0.9029234786088238,0.764698905855561,1.0661330910509377,0.22836826091842577,-0.062318712664705955,0.9395833819422577,0.7780723055908362,1.1346206840656994,0.517264302007767,0.01334425016471275,1.0134336820285745,0.8609731468683897,1.1928918243335072,0.8725503308456911
others,1.9086845662918586,6.74421139798768,6.351354899693766,7.161367629281743,0.0,1.8981419287233263,6.673483107999833,6.244348546608275,7.132109372233758,0.0,2.1146955366950615,8.287062275614923,7.668732738379625,8.955247692519125,0.0,2.0890975468935142,8.077622198774021,7.468194999041778,8.736780493077461,0.0,2.3399102128286544,10.38030450270995,9.60352860857029,11.219909468778235,0.0,2.3611288441833636,10.602913736884473,9.83913859611343,11.425977855035127,0.0,2.4145117114690424,11.184307854770326,10.296121318604254,12.149113080500715,0.0,2.2632581315839615,9.614363051801378,8.785834927437653,10.521023631251174,0.0,2.2805415842449355,9.781976739681502,8.846569533525845,10.816290831496282,0.0,2.143707429052826,8.531007175651215,7.702516033819898,9.448611740820976,0.0,2.1971658623385495,8.999471580534196,8.218779436200501,9.85432074890723,0.0
